art_code	category	sub_category	link	product_id	title	status
TMP-1000	All Art Prints | Canvas Prints | Deals &amp; Discounts	Wildlife	https://theartframer.us/product/the-penguin-show-poster/	115	The Penguin Show Poster	publish
TMP-1001	All Art Prints | Colouring Posters | Deals &amp; Discounts	Still Life	https://theartframer.us/product/il-lemone-poster/	123	IL Lemone Poster	publish
LI - 190002-3050	All Art Prints | Deals &amp; Discounts	Abstract Art | Living Room Decor | Still Life	https://theartframer.us/product/nina-flagstad-kvorning/	141	Minimalist Blossom Still Life Canvas Wall Art 5×3 Feet – Floating Frame in Gold – Living Room Wall Décor	publish
LI - 190003-5030	All Art Prints | Deals &amp; Discounts	Abstract Art | Landscapes | Living Room Decor	https://theartframer.us/product/preppy-poster-collection/	148	Abstract Floral Sunrise Canvas Wall Art 5×3 Feet – Floating Frame in Gold – Living Room Wall Décor	publish
TMP-1002	All Art Prints | Colouring Posters | Deals &amp; Discounts | Gallery Prints	Abstract Art	https://theartframer.us/product/geometric-shapes-poster/	177	Geometric Shapes poster	publish
TMP-1003	All Art Prints | Colouring Posters | Deals &amp; Discounts		https://theartframer.us/product/balance-poster/	199	Balance Poster	publish
TMP-1004	All Art Prints | Colouring Posters | Deals &amp; Discounts	Wildlife	https://theartframer.us/product/japanese-butterfly-ii-poster/	211	Japanese Butterfly II Poster	publish
LB - 090001-3050	All Art Prints | Deals &amp; Discounts | Digital Canvas Prints | Posters	Buddha	https://theartframer.us/product/colorful-wave-poster/	220	Serene Buddha with Lotus Canvas Wall Art 4×3 Feet – Floating Frame in Gold – Meditation Room Wall Décor	publish
RK - 010010-5030	All Art Prints | Deals &amp; Discounts | Digital Canvas Prints | Gallery Prints | Wall Art	Radha Krishna	https://theartframer.us/product/krishna-moonlight-canvas-wall-art/	223	Krishna Moonlight Canvas Wall Art – 36 x 60 Inches Premium Spiritual Digital Print | Elegant Wall Decor	publish
TP - 050004-5030	All Art Prints | Deals &amp; Discounts | Digital Canvas Prints	Hindu Deities | Tirupati Balaji	https://theartframer.us/product/posters-room-decor-home/	229	Lord Venkateswara Temple Canvas Wall Art 2×3 Feet – Floating Frame in Gold – Pooja Room & Home Mandir Décor	publish
SH - 040001-3050	All Art Prints | Deals &amp; Discounts | Digital Canvas Prints	Seven Horses | Vaastu Art	https://theartframer.us/product/running-white-horses-canvas-wall-art/	232	Powerful Running White Horses Canvas Wall Art – 36×60 Inches – Premium Digital Print for Prosperity & Vastu	publish
HD - 080004-5030	All Art Prints | Deals &amp; Discounts | Digital Canvas Prints	Hindu Deities | Lakshmi Ganesha	https://theartframer.us/product/lord-ganesha-canvas-wall-art/	3362	Divine Lord Ganesha Canvas Wall Art 60×36 Inches – Premium Digital Print for Spiritual Home Decor	publish
SH - 040002-3050	All Art Prints | Deals &amp; Discounts | Digital Canvas Prints	Seven Horses	https://theartframer.us/product/white-running-horses-canvas-wall-art/	7662	Luxurious Majestic White Running Horses Canvas Wall Art – 36 x 60 Inches Premium Digital Print for Living Room	publish
LB - 090002-3050	All Art Prints | Deals &amp; Discounts | Digital Canvas Prints | Wall Art	Abstract Art | Buddha	https://theartframer.us/product/buddha-lotus-meditation-canvas-wall-art/	7676	Abstract Buddha Lotus Meditation Canvas Wall Art 36×60 Inches – Modern Zen Decor Digital Canvas Print	publish
LI - 190013-3050	All Art Prints | Deals &amp; Discounts | Digital Canvas Prints	Living Room | Wildlife	https://theartframer.us/product/luxury-floral-birds-canvas-wall-art/	7688	Luxury Floral Birds Canvas Wall Art 36×60 Inches – Elegant Nature Digital Print Décor	publish
IC - 130003-3050	All Art Prints | Deals &amp; Discounts | Digital Canvas Prints	Indian Culture	https://theartframer.us/product/indian-classical-bharatanatyam-wall-art/	7700	Stunning Indian Classical Bharatanatyam Wall Art – 36×60 Inches – Cultural Digital Canvas Print	publish
VA - 160002-3050	All Art Prints | Deals &amp; Discounts | Digital Canvas Prints	Vaastu Art	https://theartframer.us/product/garuda-sacred-symbol-canvas-wall-art/	7703	Divine Garuda Sacred Symbol Canvas Wall Art– 36 × 60 Inches Powerful Spiritual Digital Print	publish
HD - 080002-4040	All Art Prints | Deals &amp; Discounts | Digital Canvas Prints	Hindu Deities	https://theartframer.us/product/maa-durga-divine-canvas-wall-art/	7718	Maa Durga Divine Canvas Wall Art 48×48 Inches – Premium Digital Print for Spiritual Home Decor	publish
KR - 180001-3040	All Art Prints | Deals &amp; Discounts | Digital Canvas Prints | Home Decor by Space	Kids Room | Kids Room Decor	https://theartframer.us/product/cute-cartoon-cat-wall-art/	7765	Cute Cartoon Cat Wall Art 36×24 – Adorable Kids Room Digital Canvas Print	publish
WL - 170001-4030	All Art Prints | Deals &amp; Discounts | Digital Canvas Prints	Wildlife	https://theartframer.us/product/elephant-harmony-canvas-wall-art/	7767	Sacred Elephant Harmony Canvas Wall Art – 48 × 36 Inches Nature & Prosperity Digital Canvas Print	publish
RK - 010076-5030	All Art Prints | Deals &amp; Discounts | Digital Canvas Prints	Pichwai Art	https://theartframer.us/product/divine-shrinathji-canvas-wall-art/	7769	Divine Shrinathji Canvas Wall Art – Stunning 48×36 Inch Nathdwara Krishna Digital Canvas Print	publish
TMP-1204	All Art Prints | Deals &amp; Discounts | Digital Canvas Prints	Abstract Art | Still Life	https://theartframer.us/product/modern-floral-abstract-vase-wall-art/	7781	Luxurious Modern Floral Abstract Vase Wall Art – 36 × 24 Inches Contemporary Digital Canvas Print	publish
LC - 140001-3050	All Art Prints | Deals &amp; Discounts | Digital Canvas Prints	Landscapes	https://theartframer.us/product/forest-waterfall-landscape-wall-art/	7800	Stunning Forest Waterfall Landscape Wall Art – 36 x 60 Inches Nature Digital Canvas Print	publish
RK - 010007-3040	All Art Prints | Deals &amp; Discounts | Digital Canvas Prints	Abstract Art | Radha Krishna	https://theartframer.us/product/radha-krishna-abstract-canvas-wall-art/	7802	Radha Krishna Abstract Canvas Wall Art – 36 × 48 Inches – Digital Canvas Print Modern Divine Love Painting	publish
TMP-1205	All Art Prints | Deals &amp; Discounts | Digital Canvas Prints	Hindu Deities | Lord Shiva	https://theartframer.us/product/vaishnav-tilak-shankh-chakra-wall-art-84x24-inch-large-spiritual-devotional/	7803	Vaishnav Tilak Shankh Chakra Wall Art 84×24 Inch – Large Spiritual Devotional Digital Canvas Print	publish
LI - 190014-3040	All Art Prints | Deals &amp; Discounts | Digital Canvas Prints | Home Decor by Space	Café Decor | Living Room | Wildlife	https://theartframer.us/product/stunning-butterfly-tree-canvas-wall-art/	7805	Stunning Butterfly Tree Canvas Wall Art 36×48 Inches – Elegant Nature Digital Print Decor	publish
LR - 070001-3050	All Art Prints | Deals &amp; Discounts | Digital Canvas Prints	Lord Rama	https://theartframer.us/product/premium-ram-darbar-divine-wall-art-36x60-inches-spiritual-digital-canvas-print/	7810	Premium Ram Darbar Divine Wall Art – 36 x 60 Inches Spiritual Digital Canvas Print	publish
RK - 010003-3040	All Art Prints | Deals &amp; Discounts | Digital Canvas Prints	Radha Krishna	https://theartframer.us/product/radha-krishna-love-canvas-wall-art-2/	7811	Radha Krishna Love Canvas Wall Art – 36×48 Inch Romantic Divine Couple Painting – Digital Canvas Print	publish
SA - 100001-3050	All Art Prints | Deals &amp; Discounts | Digital Canvas Prints	Sikh Art	https://theartframer.us/product/sacred-golden-temple-amritsar-canvas-wall-art/	7815	Sacred Golden Temple Amritsar Canvas Wall Art – 48 × 36 Inches – Premium Harmandir Sahib Digital Print	publish
LS - 030001-4030	All Art Prints | Deals &amp; Discounts | Digital Canvas Prints	Lord Shiva	https://theartframer.us/product/divine-lord-shiva-canvas-wall-art/	7816	Divine Lord Shiva Canvas Wall Art (36×48 Inch) – Majestic & Powerful Mahadev Digital Canvas Print	publish
RK - 010008-3040	All Art Prints | Deals &amp; Discounts | Digital Canvas Prints	Kids Room | Radha Krishna	https://theartframer.us/product/sleeping-baby-krishna-canvas-wall-art/	7819	Sleeping Baby Krishna Canvas Wall Art – 36 × 48 Inches – Premium Digital Print for Peaceful Wall Décor	publish
RK - 010093-3040	All Art Prints | Deals &amp; Discounts | Digital Canvas Prints	Radha Krishna	https://theartframer.us/product/krishna-raas-leela-moonlight-wall-art-36-60-inches-mesmerizing-krishna/	7820	Krishna Raas Leela Moonlight Wall Art – 36 × 60 Inches Mesmerizing Krishna Dance Digital Canvas Print	publish
RK - 010009-3040	All Art Prints | Deals &amp; Discounts | Digital Canvas Prints	Radha Krishna	https://theartframer.us/product/lord-krishna-blessing-canvas-wall-art/	7822	Lord Krishna Blessing Canvas Wall Art – 36 x 48 Inch Spiritual Wall Decor – Digital Canvas Print	publish
TMP-1206	All Art Prints | Deals &amp; Discounts | Digital Canvas Prints	Radha Krishna	https://theartframer.us/product/bal-krishna-flute-canvas-wall-art/	7824	Bal Krishna Flute Canvas Wall Art – 60 x 36 Inch Spiritual Wall Decor – Digital Canvas Print	publish
HD - 080012-5030	All Art Prints | Deals &amp; Discounts | Digital Canvas Prints	Hindu Deities	https://theartframer.us/product/panchmukhi-hanuman-canvas-wall-art/	7825	Panchmukhi Hanuman Canvas Wall Art 60×36 Inches – Spiritual Divine Digital Print Wall Décor	publish
HD - 080003-3040	All Art Prints | Deals &amp; Discounts | Digital Canvas Prints	Abstract Art | Hindu Deities | Lakshmi Ganesha	https://theartframer.us/product/modern-abstract-ganesha-canvas-wall-art/	7830	Modern Abstract Ganesha Canvas Wall Art 36×48 Inches – Spiritual Digital Print Wall Décor	publish
WL - 170021-3050	All Art Prints | Deals &amp; Discounts | Digital Canvas Prints | Home Decor by Space	Abstract Art | Living Room | Living Room Decor | Still Life	https://theartframer.us/product/minimalist-blossom-vase-canvas-wall-art/	7833	Minimalist Blossom Vase Canvas Wall Art 36 × 60 Inches – Elegant Nature Decor Digital Canvas Print	publish
WL - 170022-3050	All Art Prints | Deals &amp; Discounts | Digital Canvas Prints | Home Decor by Space	Abstract Art | Living Room | Living Room Decor | Still Life	https://theartframer.us/product/rustic-blossom-vase-canvas-wall-art/	7834	Rustic Blossom Vase Canvas Wall Art 36×60 Inches – Minimalist Floral Digital Canvas Print For Home Decor	publish
WL - 170023-5030	All Art Prints | Deals &amp; Discounts | Digital Canvas Prints | Home Decor by Space	Abstract Art | Living Room | Living Room Decor	https://theartframer.us/product/stunning-statement-geometric-floral-wall-art-60x36-abstract-botanical/	7837	Stunning Statement Geometric Floral Wall Art 60×36 – Abstract Botanical Digital Canvas Print	publish
IC - 130001-3050	All Art Prints | Deals &amp; Discounts | Digital Canvas Prints	Indian Culture	https://theartframer.us/product/indian-classical-dance-canvas-wall-art/	7838	Indian Classical Dance Canvas Wall Art – 36 x 60 Inches Colorful Dancer Digital Canvas Print	publish
LB - 090001-3050	All Art Prints | Deals &amp; Discounts | Digital Canvas Prints	Buddha	https://theartframer.us/product/buddha-lotus-serenity-canvas-wall-art/	7839	Buddha Lotus Serenity Canvas Wall Art 36×60 Inches – Spiritual Meditation Decor Digital Canvas Print	publish
AA - 200001-4030	All Art Prints | Deals &amp; Discounts | Digital Canvas Prints	Abstract Art	https://theartframer.us/product/red-floral-face-wall-art-48x36-minimalist-digital-canvas-print-gold-floating/	8144	Red Floral Face Wall Art 48×36 – Minimalist Digital Canvas Print with Gold Floating Frame	publish
TMP-1009	Art Accessories	Canvas Stretcher Bars	https://theartframer.us/product/premium-pine-wood-canvas-stretcher-bars-kit-diy-canvas-frame-making-artist/	8276	Premium Pine Wood Canvas Stretcher Bars Kit – DIY Canvas Frame Making – Artist & Photo Printing Use	publish
RK - 010001-3050	All Art Prints | Deals &amp; Discounts	Radha Krishna | Wildlife	https://theartframer.us/product/radha-krishna-peacock-canvas-art-36-60-inches-divine-love-painting-dig/	8301	Radha Krishna Peacock Canvas Art 36 × 60 Inches – Divine Love Painting Digital Canvas Print	publish
TMP-1010	Art Accessories	Canvas Stretcher Bars	https://theartframer.us/product/premium-wooden-stretcher-bars-canvas-diy-frame-kit-canvas-painting-heavy-duty/	8337	Premium Wooden Stretcher Bars for Canvas – DIY Frame Kit for Canvas Painting – Heavy Duty Pine Wood	publish
TMP-1011	Art Accessories | Deals &amp; Discounts	Canvas Stretcher Bars	https://theartframer.us/product/premium-canvas-stretcher-bars-heavy-duty-wooden-frame-for-professional/	8386	Premium Canvas Stretcher Bars – Heavy – Duty Wooden Frame for Professional Canvas Support & Durability	publish
HD - 080001-5030	All Art Prints | Deals &amp; Discounts	Hindu Deities	https://theartframer.us/product/meditating-yogi-spiritual-wall-art-60-24-inches-peaceful-harmony-medit/	8398	Meditating Yogi Spiritual Wall Art – 60 × 24 Inches Peaceful Harmony Meditation Digital Canvas Print	publish
TMP-1012	Art Accessories	DIY Canvas Stretcher Bars	https://theartframer.us/product/diy-canvas-stretcher-bar-kit-ready-to-assemble-wooden-frame-for-canvas/	8406	DIY Canvas Stretcher Bar Kit – Ready-to-Assemble Wooden Frame for Canvas Prints	publish
LG - 020001-4040	All Art Prints | Deals &amp; Discounts | Digital Canvas Prints | Digital Downloads	Lakshmi Ganesha | Printable Art	https://theartframer.us/product/lakshmi-ganesh-canvas-wall-art/	8412	Lakshmi Ganesh Canvas Wall Art – 48×48 Inches Digital Print for Wealth, Prosperity & Spiritual Decor	publish
TMP-1013	Art Accessories	DIY Canvas Stretcher Bars	https://theartframer.us/product/premium-pine-wood-stretcher-bars-canvas-printing-heavy-duty-diy-canvas-frame/	8415	Premium Pine Wood Stretcher Bars for Canvas Printing | Heavy-Duty DIY Canvas Frame Kit | Warp-Resistant Artist Canvas Frame	publish
TMP-1207	All Art Prints | Deals &amp; Discounts | Digital Canvas Prints | Digital Downloads	Printable Art | Travel Art	https://theartframer.us/product/divine-varanasi-ganga-aarti-canvas-wall-art/	8424	Divine Varanasi Ganga Aarti Canvas Wall Art – 72 × 36 Inches Spiritual Kashi Ghats Digital Print	publish
TMP-1015	Art Accessories	DIY Canvas Stretcher Bars	https://theartframer.us/product/professional-wooden-stretcher-bars-canvas-heavy-duty-pine-wood-gallery-wrap/	8427	Professional Wooden Stretcher Bars For Canvas – Heavy Duty Pine Wood Gallery Wrap Frame | Canvas Printing Frame Kit	publish
TMP-1208	Art Accessories	3x4 ft | Frame Sizes | Landscapes	https://theartframer.us/product/large-landscape-canvas-print-3x4-ft-custom-photo-canvas-premium-wooden-floating/	8440	Large Landscape Canvas Print 3×4 ft | Custom Photo Canvas with Premium Wooden Floating Frame	publish
TMP-1017	Art Accessories	3x5 ft | Frame Sizes	https://theartframer.us/product/large-canvas-wall-frame-floating-frame-canvas-printing-big-wall-art-frame/	8444	Large Canvas Wall Frame – Floating Frame Canvas Printing | Big Wall Art Frame for Living Room, Office & Bedroom Decor	publish
TMP-1209		4x4 ft | Frame Sizes	https://theartframer.us/product/large-square-canvas-wall-art/	8447	Large Square Canvas Wall Art 4×4 ft | Custom Photo on Canvas with Premium Wooden Floating Frame	publish
SN - 110001-3040	All Art Prints | Deals &amp; Discounts | Digital Canvas Prints | Digital Downloads	Printable Art | Swaminarayan	https://theartframer.us/product/divine-swaminarayan-temple-golden-murti-wall-art-36-48-inches-sacred-r/	8454	Divine Swaminarayan Temple Golden Murti Wall Art – 36 × 48 Inches Sacred & Radiant Digital Canvas Print	publish
TP - 050004-5030	All Art Prints | Deals &amp; Discounts | Digital Canvas Prints | Digital Downloads	Instant Downloads | Tirupati Balaji	https://theartframer.us/product/divine-lord-balaji-temple-canvas-wall-art/	8474	Divine Lord Balaji Temple Canvas Wall Art – 60 × 36 Inch Sacred Murti Digital Print	publish
TMP-1210	All Art Prints | Deals &amp; Discounts | Digital Canvas Prints | Digital Downloads	Instant Downloads | Lord Shiva | Travel Art	https://theartframer.us/product/sacred-kedarnath-temple-with-lord-shiva-wall-art-72-24-inches-divine-h/	8494	Sacred Kedarnath Temple with Lord Shiva Wall Art – 72 × 24 Inches Divine Himalayan Digital Canvas Print	publish
SA - 100005-4030	All Art Prints | Deals &amp; Discounts | Digital Canvas Prints | Digital Downloads	Instant Downloads | Sikh Art	https://theartframer.us/product/sacred-guru-nanak-dev-ji-canvas-wall-art/	8504	Sacred Guru Nanak Dev Ji Canvas Wall Art – 48 × 36 Inches – Premium Sikh Spiritual Digital Canvas Print	publish
TMP-1020	Art Accessories	4x3 ft	https://theartframer.us/product/vertical-canvas-wall-art/	8515	Vertical Canvas Wall Art 3×4 ft – Large Portrait Canvas Print with Premium Wooden Floating Frame | Modern Living Room & Pooja Room Wall Décor	publish
TMP-1021	Art Accessories	DIY Floating Frames	https://theartframer.us/product/diy-floating-frame-for-canvas-prints-modern-black-shadow-gap-frame-for/	8518	DIY Floating Frame for Canvas Prints – Modern Black Shadow Gap Frame for Gallery Wrap Wall Art	publish
TMP-1022	Art Accessories	DIY Floating Frames	https://theartframer.us/product/diy-gold-floating-frame-canvas-prints-premium-shadow-gap-gallery-frame-wall-art/	8521	DIY Gold Floating Frame for Canvas Prints – Premium Shadow Gap Gallery Frame for Wall Art	publish
TMP-1023	Art Accessories	DIY Floating Frames	https://theartframer.us/product/luxury-gold-floating-frame-canvas-prints-premium-shadow-gap-gallery-wall-art/	8526	Luxury Gold Floating Frame for Canvas Prints – Premium Shadow Gap Gallery Wall Art Frame	publish
TMP-1024	Art Accessories	DIY Floating Frames	https://theartframer.us/product/diy-floating-canvas-frame-kit-modern-shadow-gap-frame-black-white-natural-wood/	8529	DIY Floating Canvas Frame Kit – Modern Shadow Gap Frame in Black, White & Natural Wood Finish	publish
TMP-1025	Art Accessories	Premium Aluminium Frames	https://theartframer.us/product/premium-aluminium-floating-frame-canvas-prints-gold-rose-gold-black-silver/	8571	Premium Aluminium Floating Frame for Canvas Prints – Gold, Rose Gold, Black, Silver & White Gallery Wall Art Frame	publish
TMP-1026	Art Accessories	Premium Aluminium Frames	https://theartframer.us/product/premium-aluminium-canvas-frame-prints-premium-shadow-gap-frame-black-gold/	8576	Premium Aluminium Canvas Frame Prints – Premium Shadow Gap Frame in Black, Gold & Silver | Modern Gallery Wall Art Frame	publish
TMP-1027	Art Accessories	Premium Aluminium Frames	https://theartframer.us/product/premium-canvas-floating-frame-aluminium-profile-shadow-gap-frame-gold-black/	8579	Premium Canvas Floating Frame Aluminium Profile – Shadow Gap Frame in Gold, Black, Silver & Rose Gold	publish
TMP-1211	Art Accessories	Framed White Canvas	https://theartframer.us/product/framed-white-canvas-wall-art/	8582	Framed White Canvas Wall Art – Premium Blank Canvas with Floating Frame for Modern Wall Décor	publish
TMP-1212	Art Accessories	Abstract Art | Framed White Canvas	https://theartframer.us/product/elegant-large-framed-white-canvas-wall-art/	8585	Elegant Large Framed White Canvas Wall Art with a sleek floating frame, designed to create a modern minimalist wall décor statement for living rooms, offices, and contemporary interiors.	publish
TMP-1213	Art Accessories	Framed White Canvas	https://theartframer.us/product/best-premium-pre-stretched-framed-canvas-board-professional-blank-artist-canvas/	8588	Best Premium Pre-Stretched Framed Canvas Board | Professional Blank Artist Canvas for Painting & DIY Crafts	publish
TMP-1214	Art Accessories	Rolled Canvas	https://theartframer.us/product/premium-canvas-roll-for-printing-high-quality-cotton-canvas-fabric-for/	8591	Premium Canvas Roll For Printing– High-Quality Cotton Canvas Fabric for Painting, Digital Printing & Wall Art	publish
TMP-1032	Art Accessories	Rolled Canvas	https://theartframer.us/product/artist-cotton-canvas-roll-painting-printing-premium-blank-canvas-fabric/	8594	Artist Cotton Canvas Roll for Painting & Printing – Premium Blank Canvas Fabric for Stretched Canvas Frames	publish
TMP-1215	Art Accessories	Rolled Canvas	https://theartframer.us/product/professional-cotton-canvas-roll-artists-stretched-frames-blank-artist-canvas/	8597	Professional Cotton Canvas Roll for Artists Stretched Frames – Blank Artist Canvas Fabric for Painting & Canvas Printing	publish
TMP-1034	Art Accessories	Rolled Canvas	https://theartframer.us/product/artist-cotton-canvas-fabric-premium-textured-canvas-material-painting-printing/	8601	Artist Cotton Canvas Fabric – Premium Textured Canvas Material for Painting, Printing & Stretched Frames	publish
TMP-1035	Art Accessories	Stands	https://theartframer.us/product/premium-quality-adjustable-metal-easel-stand-pro-stability-portable-tripod/	8604	Premium Quality Adjustable Metal Easel Stand – Pro Stability Portable Tripod Easel for Canvas Display & Painting	publish
TMP-1036	Art Accessories	Stands	https://theartframer.us/product/elite-premium-wooden-artist-easel-stand-adjustable-studio-easel-canvas-display/	8607	Elite Premium Wooden Artist Easel Stand – Adjustable Studio Easel for Canvas & Display	publish
TMP-1037	Art Accessories	Stands	https://theartframer.us/product/professional-wooden-studio-easel-adjustable-floor-easel-stand-canvas-painting/	8610	Professional Wooden Studio Easel – Adjustable Floor Easel Stand for Canvas Painting	publish
TMP-1038	Art Accessories	Wooden Frames	https://theartframer.us/product/premium-wood-canvas-frame-stunning-gallery-style-wooden-frame-modern-wall-art/	8613	Premium Wood Canvas Frame – Stunning Gallery Style Wooden Frame for Modern Wall Art	publish
TMP-1039	Art Accessories	Wooden Frames	https://theartframer.us/product/premium-wooden-floating-frame-for-canvas-luxury-gallery-style-wall-art/	8616	Premium Wooden Floating Frame for Canvas – Luxury Gallery Style Wall Art Frame	publish
TMP-1040	Art Accessories	Wooden Frames	https://theartframer.us/product/premium-wooden-floating-frame-for-canvas-art-natural-oak-black-walnut/	8619	Premium Wooden Floating Frame for Canvas Art – Natural Oak, Black, Walnut, Gold & White Gallery Frames	publish
TMP-1041	Banners &amp; Signage | Deals &amp; Discounts	Backdrops	https://theartframer.us/product/best-premium-custom-backdrop-banner-printing-professional-vinyl-fabric/	8643	Best Premium Custom Backdrop Banner Printing | Professional Vinyl & Fabric Event Backdrops	publish
TMP-1042	Banners &amp; Signage | Deals &amp; Discounts	Banner Stands	https://theartframer.us/product/custom-premium-roll-up-banner-stand-printing-portable-retractable-display/	8646	Custom Premium Roll-Up Banner Stand Printing | Portable Retractable Display Banner for Powerful Brand Impact	publish
TMP-1043	Banners &amp; Signage | Deals &amp; Discounts	Fabric / Cloth Banners	https://theartframer.us/product/premium-custom-fabric-banner-professional-high-resolution-personalized/	8649	Premium Custom Fabric Banner | Professional High-Resolution Personalized Event & Business Display Banner	publish
TMP-1044	Banners &amp; Signage | Deals &amp; Discounts	Fence Banners	https://theartframer.us/product/top-rated-custom-fence-banner-printing-ultra-durable-premium-mesh-vinyl/	8653	Top-Rated Custom Fence Banner Printing | Ultra-Durable Premium Mesh & Vinyl Construction Site Banners for Maximum Impact	publish
TMP-1045	Banners &amp; Signage | Deals &amp; Discounts	Vinyl Banners	https://theartframer.us/product/premium-stunning-personalized-vinyl-banners-pro-grade-ultra-durable-waterproof/	8656	Premium Stunning Personalized Vinyl Banners | Pro-Grade Ultra Durable Waterproof HD PVC Banner Printing for Indoor & Outdoor Advertising	publish
TMP-1046	All Art Prints | Deals &amp; Discounts | Personalised Prints	Portraits	https://theartframer.us/product/premium-wooden-portrait-canvas-frame-60-24-inches-solid-wood-digital-p/	8669	Premium Wooden Portrait Canvas Frame (60 × 24 Inches) – Solid Wood Digital Print for Elegant Photo Display	publish
TMP-1216	All Art Prints | Deals &amp; Discounts | Personalised Prints	Family Collages	https://theartframer.us/product/stunning-personalized-family-photo-collage-canvas-print-36-x-60-inches/	8711	Stunning Personalized Family Photo Collage Canvas Print (36 x 60 Inches) – Custom Wall Art for Living Room	publish
SL - 150001-4030	All Art Prints | Deals &amp; Discounts | Home Decor by Space	Abstract Art | Café Decor	https://theartframer.us/product/modern-cafe-decor-wall-art-set-72x24-inch-stunning-contemporary-abstract-panel/	8805	Modern Cafe Decor Wall Art Set – 72×24 Inch Stunning Contemporary Abstract Panel Digital Canvas Print	publish
TMP-1048	Art Accessories	Frame Colors	https://theartframer.us/product/premium-canvas-floating-frame-colors-luxurious-wooden-photo-frame-styles-canvas/	8846	Premium Canvas Floating Frame Colors – Luxurious Wooden Photo Frame Styles for Canvas Wall Art	publish
TMP-1049	Art Accessories	Frame Colors	https://theartframer.us/product/premium-floating-frame-collection-stunning-gallery-frames-black-gold-silver/	8849	Premium Floating Frame Collection – Stunning Gallery Frames Black, Gold, Silver, Rose Gold, Wood & White	publish
TMP-1217	Art Accessories	Black | Frame Colors	https://theartframer.us/product/luxury-premium-matte-black-floating-frame-for-canvas-art-modern-matte/	8853	Luxury Premium Matte Black Floating Frame for Canvas Art | Modern Matte Black Gallery Wall Frame	publish
TMP-1051		Frame Colors | Gold	https://theartframer.us/product/premium-gold-floating-canvas-frame-luxury-metallic-gallery-style-frame/	8856	Premium Gold Floating Canvas Frame | Luxury Metallic Gallery Style Frame for Modern Wall Art Décor	publish
TMP-1052	Art Accessories		https://theartframer.us/product/premium-rose-gold-floating-frame-canvas-elegant-copper-finish-gallery-style/	8859	Premium Rose Gold Floating Frame for Canvas – Elegant Copper Finish Gallery Style Frame for Wall Art	publish
TMP-1053	Art Accessories	Frame Colors | Silver	https://theartframer.us/product/premium-silver-floating-frame-canvas-luxury-modern-metallic-floating-canvas/	8862	Premium Silver Floating Frame For Canvas | Luxury Modern Metallic Floating Canvas Frame	publish
KR - 180003-5030	All Art Prints | Deals &amp; Discounts | Home Decor by Space	Kids Room | Kids Room Decor	https://theartframer.us/product/kids-cartoon-animal-canvas-wall-art/	8866	Kids Cartoon Animal Canvas Wall Art Set – 72×24 Inch Cute & Adorable Nursery Decor Digital Canvas Print	publish
TMP-1218	All Art Prints | Deals &amp; Discounts | Home Decor | Home Decor by Space	Landscapes | Living Room Decor	https://theartframer.us/product/modern-living-room-wall-decor-canvas-set-3-panel-landscape-wall-art-stylish/	8869	Modern Living Room Wall Decor Canvas Set – 3 Panel Landscape Wall Art for Stylish & Luxurious Interiors	publish
TMP-1055	All Art Prints | Deals &amp; Discounts | Home Decor by Space	Kids Room Decor	https://theartframer.us/product/test-canvas-wall-art/	11491	test	publish
TMP-1056	All Art Prints | Deals &amp; Discounts | Digital Canvas Prints	Radha Krishna	https://theartframer.us/product/premium-radha-krishna-love-wall-art-36x60-inches-spiritual-digital-canvas-print/	11541	Premium Radha Krishna Love Wall Art (36 x 60 Inches) – Spiritual Digital Canvas Print for Home Decor	publish
RK - 010025-5030	All Art Prints | Deals &amp; Discounts | Digital Canvas Prints	Abstract Art | Radha Krishna	https://theartframer.us/product/stunning-radha-krishna-abstract-wall-art-60x36-inches-premium-digital/	11551	Stunning Radha Krishna Abstract Wall Art 60×36 Inches – Premium Digital Canvas Print for Home Decor	publish
RK - 010024-5030	All Art Prints | Deals &amp; Discounts | Digital Canvas Prints	Radha Krishna	https://theartframer.us/product/divine-radha-krishna-canvas-wall-art/	11560	Divine Radha Krishna Canvas Wall Art 60×36 Inches – Premium Digital Print for Luxury Home Decor	publish
RK - 010002-3050	All Art Prints | Deals &amp; Discounts | Digital Canvas Print	Radha Krishna	https://theartframer.us/product/radha-krishna-divine-love-canvas-art-canvas-wall-art/	11577	Radha Krishna Divine Love Canvas Art	publish
TMP-1058	All Art Prints | Deals &amp; Discounts | Digital Canvas Prints	Hindu Deities | Radha Krishna	https://theartframer.us/product/radha-krishna-canvas-wall-art-24x36-inches-floating-frame-premium-digital/	11617	Radha-Krishna Canvas Wall Art 24×36 Inches – Floating Frame – Premium Digital Canvas Print – Pooja Room & Living Room Spiritual Wall Décor	publish
SL - 150009-5030	All Art Prints | Deals &amp; Discounts | Digital Canvas Prints	Still Life	https://theartframer.us/product/vibrant-floral-still-life-canvas-wall-art/	13239	Vibrant Floral Still Life Canvas Wall Art 3×4 Feet – Floating Frame – Premium Digital Canvas Print – Living Room & Home Spiritual Wall Décor	publish
RK - 010080-5030	All Art Prints | Deals &amp; Discounts | Digital Canvas Prints	Hindu Deities	https://theartframer.us/product/krishna-standing-tall-canvas-wall-art/	13355	Krishna Standing Tall Canvas Wall Art 3×4 Feet – Floating Frame – Premium Digital Canvas Print – Living Room & Home Spiritual Wall Décor	publish
LS - 030006-4030	All Art Prints | Deals &amp; Discounts | Digital Canvas Prints	Lord Shiva	https://theartframer.us/product/shiva-and-parvati-canvas-wall-art/	13414	Shiva and Parvati Canvas Wall Art 3×4 Feet – Floating Frame – Premium Digital Canvas Print – Living Room & Home Spiritual Wall Décor	publish
LI - 190032-4030	All Art Prints | Deals &amp; Discounts | Digital Canvas Prints		https://theartframer.us/product/joyful-man-with-bouquet-canvas-wall-art/	13473	Joyful Man with Bouquet Canvas Wall Art 3×4 Feet – Floating Frame – Premium Digital Canvas Print – Living Room & Home Spiritual Wall Décor	publish
LI - 190011-4030	All Art Prints | Deals &amp; Discounts | Digital Canvas Prints		https://theartframer.us/product/jesus-in-heavenly-glory-canvas-wall-art/	13592	Jesus in Heavenly Glory Canvas Wall Art 3×4 Feet – Floating Frame – Premium Digital Canvas Print – Living Room & Home Spiritual Wall Décor	publish
RK - 010042-3050	All Art Prints | Deals &amp; Discounts | Digital Canvas Prints		https://theartframer.us/product/krishna-flute-serenade-canvas-wall-art/	13662	Krishna Flute Serenade Canvas Wall Art 3×4 Feet – Floating Frame – Premium Digital Canvas Print – Living Room & Home Spiritual Wall Décor	publish
LC - 140002-5030	All Art Prints | Deals &amp; Discounts | Digital Canvas Prints		https://theartframer.us/product/stairway-to-the-moon-canvas-wall-art/	13722	Stairway to the Moon Canvas Wall Art 3×4 Feet – Floating Frame – Premium Digital Canvas Print – Living Room & Home Spiritual Wall Décor	publish
IC - 130002-4035	All Art Prints | Deals &amp; Discounts | Digital Canvas Prints	Indian Culture	https://theartframer.us/product/bharatanatyam-dancer-art-canvas-wall-art/	13781	Bharatanatyam Dancer Art Canvas Wall Art 3×4 Feet – Floating Frame – Premium Digital Canvas Print – Living Room & Home Spiritual Wall Décor	publish
TP - 050006-5030	All Art Prints | Deals &amp; Discounts | Digital Canvas Prints	Tirupati Balaji	https://theartframer.us/product/lord-venkateswara-cosmic-canvas-wall-art/	13840	Lord Venkateswara Cosmic Canvas Wall Art 3×4 Feet – Floating Frame – Premium Digital Canvas Print – Living Room & Home Spiritual Wall Décor	publish
RK - 010031-4020	All Art Prints | Deals &amp; Discounts | Digital Canvas Prints	Hindu Deities	https://theartframer.us/product/jagannath-art-canvas-wall-art/	13916	Jagannath Art Canvas Wall Art 3×4 Feet – Floating Frame – Premium Digital Canvas Print – Living Room & Home Spiritual Wall Décor	publish
TMP-1220	All Art Prints | Deals &amp; Discounts | Digital Canvas Prints	Hindu Deities	https://theartframer.us/product/lord-murugan-art-canvas-wall-art/	14034	Lord Murugan Art Canvas Wall Art 3×4 Feet – Floating Frame – Premium Digital Canvas Print – Living Room & Home Spiritual Wall Décor	publish
SL - 150008-4040	All Art Prints | Deals &amp; Discounts | Digital Canvas Prints	Still Life	https://theartframer.us/product/dogwood-blossom-still-life-canvas-wall-art/	14093	Dogwood Blossom Still Life Canvas Wall Art 3×4 Feet – Floating Frame – Premium Digital Canvas Print – Living Room & Home Spiritual Wall Décor	publish
TMP-1060	Deals &amp; Discounts		https://theartframer.us/product/the-art-framer-gift-card-canvas-wall-art/	14600	The Art Framer Gift Card	publish
RK - 010033-3050	All Art Prints | Deals &amp; Discounts | Digital Canvas Prints	Hindu Deities	https://theartframer.us/product/krishna-playing-flute-canvas-wall-art-2/	14617	Krishna Playing Flute Canvas Wall Art 3×4 Feet – Floating Frame – Premium Digital Canvas Print – Living Room & Home Spiritual Wall Décor	publish
TMP-1221	All Art Prints | Deals &amp; Discounts | Digital Canvas Prints	Hindu Deities	https://theartframer.us/product/golden-krishna-temple-idol-canvas-wall-art/	14678	Golden Krishna Temple Idol Canvas Wall Art 3×4 Feet – Floating Frame – Premium Digital Canvas Print – Living Room & Home Spiritual Wall Décor	publish
LC - 140006-4030	All Art Prints | Deals &amp; Discounts | Digital Canvas Prints	Landscapes	https://theartframer.us/product/moonlit-mountain-forest-canvas-wall-art/	14739	Moonlit Mountain Forest Canvas Wall Art 3×4 Feet – Floating Frame – Premium Digital Canvas Print – Living Room & Home Spiritual Wall Décor	publish
HD - 080026-4030	All Art Prints | Deals &amp; Discounts | Digital Canvas Prints	Hindu Deities	https://theartframer.us/product/sadhu-in-contemplation-canvas-wall-art/	14861	Sadhu in Contemplation Canvas Wall Art 3×4 Feet – Floating Frame – Premium Digital Canvas Print – Living Room & Home Spiritual Wall Décor	publish
KR - 180011-4030	All Art Prints | Deals &amp; Discounts | Digital Canvas Prints	Abstract Art	https://theartframer.us/product/iron-man-portrait-canvas-wall-art/	14923	Iron Man Portrait Canvas Wall Art 3×4 Feet – Floating Frame – Premium Digital Canvas Print – Living Room & Home Spiritual Wall Décor	publish
HD - 080028-4030	All Art Prints | Deals &amp; Discounts | Digital Canvas Prints	Hindu Deities	https://theartframer.us/product/indian-spiritual-leader-canvas-wall-art/	14985	Indian Spiritual Leader Canvas Wall Art 3×4 Feet – Floating Frame – Premium Digital Canvas Print – Living Room & Home Spiritual Wall Décor	publish
KR - 180012-3050	All Art Prints | Deals &amp; Discounts | Digital Canvas Prints	Abstract Art	https://theartframer.us/product/batman-comic-art-canvas-wall-art/	15046	Batman Comic Art Canvas Wall Art 3×4 Feet – Floating Frame – Premium Digital Canvas Print – Living Room & Home Spiritual Wall Décor	publish
RK - 010027-5030	All Art Prints | Deals &amp; Discounts | Digital Canvas Prints	Radha Krishna	https://theartframer.us/product/radha-krishna-love-canvas-wall-art/	15135	Radha Krishna Love Canvas Wall Art 3×4 Feet – Floating Frame – Premium Digital Canvas Print – Living Room & Home Spiritual Wall Décor	publish
RK - 010045-5030	All Art Prints | Deals &amp; Discounts | Digital Canvas Prints	Hindu Deities	https://theartframer.us/product/lord-krishna-cosmic-canvas-wall-art/	15217	Lord Krishna Cosmic Canvas Wall Art 3×4 Feet – Floating Frame – Premium Digital Canvas Print – Living Room & Home Spiritual Wall Décor	publish
HD - 080022-5030	All Art Prints | Deals &amp; Discounts | Digital Canvas Prints	Hindu Deities	https://theartframer.us/product/golden-idol-statue-canvas-wall-art/	15278	Golden Idol Statue Canvas Wall Art 3×4 Feet – Floating Frame – Premium Digital Canvas Print – Living Room & Home Spiritual Wall Décor	publish
VA - 160003-5030	All Art Prints | Deals &amp; Discounts | Digital Canvas Prints	Hindu Deities	https://theartframer.us/product/nandi-the-bull-canvas-wall-art/	15340	Nandi The Bull Canvas Wall Art 3×4 Feet – Floating Frame – Premium Digital Canvas Print – Living Room & Home Spiritual Wall Décor	publish
LB - 090010-4030	All Art Prints | Deals &amp; Discounts | Digital Canvas Prints	Buddha	https://theartframer.us/product/buddha-with-lotus-canvas-wall-art/	15402	Buddha with Lotus Canvas Wall Art 3×4 Feet – Floating Frame – Premium Digital Canvas Print – Living Room & Home Spiritual Wall Décor	publish
AA - 200002-5030	All Art Prints | Deals &amp; Discounts | Digital Canvas Prints	Hindu Deities	https://theartframer.us/product/pomegranate-goddess-canvas-wall-art/	15463	Pomegranate Goddess Canvas Wall Art 3×4 Feet – Floating Frame – Premium Digital Canvas Print – Living Room & Home Spiritual Wall Décor	publish
RK - 010041-5030	All Art Prints | Deals &amp; Discounts | Digital Canvas Prints	Hindu Deities	https://theartframer.us/product/krishna-playing-flute-canvas-wall-art/	15546	Krishna Playing Flute Canvas Wall Art 3×4 Feet – Floating Frame – Premium Digital Canvas Print – Living Room & Home Spiritual Wall Décor	publish
HD - 080023-4030	All Art Prints | Deals &amp; Discounts | Digital Canvas Prints	Hindu Deities	https://theartframer.us/product/hindu-saint-portrait-canvas-wall-art/	15607	Hindu Saint Portrait Canvas Wall Art 3×4 Feet – Floating Frame – Premium Digital Canvas Print – Living Room & Home Spiritual Wall Décor	publish
TP - 050013-5030	All Art Prints | Deals &amp; Discounts | Digital Canvas Prints	Hindu Deities	https://theartframer.us/product/vishnu-blue-form-canvas-wall-art/	15730	Vishnu Blue Form Canvas Wall Art 3×4 Feet – Floating Frame – Premium Digital Canvas Print – Living Room & Home Spiritual Wall Décor	publish
AA - 200011-5030	All Art Prints | Deals &amp; Discounts | Digital Canvas Prints	Abstract Art	https://theartframer.us/product/geometric-animal-composition-canvas-wall-art/	15791	Geometric Animal Composition Canvas Wall Art 3×4 Feet – Floating Frame – Premium Digital Canvas Print – Living Room & Home Spiritual Wall Décor	publish
SL - 150006-4030	All Art Prints | Deals &amp; Discounts | Digital Canvas Prints	Abstract Art	https://theartframer.us/product/modern-plant-art-canvas-wall-art/	15852	Modern Plant Art Canvas Wall Art 3×4 Feet – Floating Frame – Premium Digital Canvas Print – Living Room & Home Spiritual Wall Décor	publish
LR - 070005-5030	All Art Prints | Deals &amp; Discounts | Digital Canvas Prints	Hindu Deities	https://theartframer.us/product/lord-vishnu-statue-canvas-wall-art/	15913	Lord Vishnu Statue Canvas Wall Art 3×4 Feet – Floating Frame – Premium Digital Canvas Print – Living Room & Home Spiritual Wall Décor	publish
RK - 010029-3050	All Art Prints | Deals &amp; Discounts | Digital Canvas Prints	Hindu Deities	https://theartframer.us/product/dancing-lady-portrait-canvas-wall-art/	15974	Dancing Lady Portrait Canvas Wall Art 3×4 Feet – Floating Frame – Premium Digital Canvas Print – Living Room & Home Spiritual Wall Décor	publish
LI - 190009-5030	All Art Prints | Christian Art | Deals &amp; Discounts | Digital Canvas Prints		https://theartframer.us/product/sacred-heart-of-jesus-canvas-wall-art/	16035	Sacred Heart of Jesus Canvas Wall Art 3×4 Feet – Floating Frame – Premium Digital Canvas Print – Living Room & Home Spiritual Wall Décor	publish
LB - 090005-5030	All Art Prints | Deals &amp; Discounts | Digital Canvas Prints	Buddha	https://theartframer.us/product/buddha-art-canvas-wall-art-2/	16096	Buddha Art Canvas Wall Art 3×4 Feet – Floating Frame – Premium Digital Canvas Print – Living Room & Home Spiritual Wall Décor	publish
TMP-1222	All Art Prints | Deals &amp; Discounts | Digital Canvas Prints	Buddha	https://theartframer.us/product/serene-buddha-statue-canvas-wall-art/	16191	Serene Buddha Statue Canvas Wall Art 3×4 Feet – Floating Frame – Premium Digital Canvas Print – Living Room & Home Spiritual Wall Décor	publish
LS - 030009-3040	All Art Prints | Deals &amp; Discounts | Digital Canvas Prints	Buddha	https://theartframer.us/product/buddha-art-canvas-wall-art/	16257	Buddha Art Canvas Wall Art 3×4 Feet – Floating Frame – Premium Digital Canvas Print – Living Room & Home Spiritual Wall Décor	publish
RK - 010039-5030	All Art Prints | Deals &amp; Discounts | Digital Canvas Prints	Hindu Deities	https://theartframer.us/product/krishna-art-canvas-wall-art/	16318	Krishna Art Canvas Wall Art 3×4 Feet – Floating Frame – Premium Digital Canvas Print – Living Room & Home Spiritual Wall Décor	publish
LB - 090008-5030	All Art Prints | Deals &amp; Discounts | Digital Canvas Prints	Buddha	https://theartframer.us/product/golden-buddha-canvas-wall-art/	16382	Golden Buddha Canvas Wall Art 3×4 Feet – Floating Frame – Premium Digital Canvas Print – Living Room & Home Spiritual Wall Décor	publish
LI - 190024-5030	All Art Prints | Deals &amp; Discounts | Digital Canvas Prints	Seven Horses	https://theartframer.us/product/running-brown-horse-canvas-wall-art/	16444	Running Brown Horse Canvas Wall Art 3×4 Feet – Floating Frame – Premium Digital Canvas Print – Living Room & Home Spiritual Wall Décor	publish
LB - 090011-4030	All Art Prints | Deals &amp; Discounts | Digital Canvas Prints	Buddha	https://theartframer.us/product/zen-buddha-with-lotuses-canvas-wall-art/	16505	Zen Buddha with Lotuses Canvas Wall Art 3×4 Feet – Floating Frame – Premium Digital Canvas Print – Living Room & Home Spiritual Wall Décor	publish
LC - 140009-4030	All Art Prints | Deals &amp; Discounts | Digital Canvas Prints	Landscapes	https://theartframer.us/product/whimsical-train-journey-canvas-wall-art/	16566	Whimsical Train Journey Canvas Wall Art 3×4 Feet – Floating Frame – Premium Digital Canvas Print – Living Room & Home Spiritual Wall Décor	publish
TP - 050009-5030	All Art Prints | Deals &amp; Discounts | Digital Canvas Prints	Hindu Deities	https://theartframer.us/product/vishnu-ji-statue-art-canvas-wall-art/	16640	Vishnu Ji Statue Art Canvas Wall Art 3×4 Feet – Floating Frame – Premium Digital Canvas Print – Living Room & Home Spiritual Wall Décor	publish
TP - 050012-5030	All Art Prints | Deals &amp; Discounts | Digital Canvas Prints	Hindu Deities	https://theartframer.us/product/vishnu-on-snake-canvas-wall-art/	16701	Vishnu On Snake Canvas Wall Art 3×4 Feet – Floating Frame – Premium Digital Canvas Print – Living Room & Home Spiritual Wall Décor	publish
LI - 190008-5030	All Art Prints | Christian Art | Deals &amp; Discounts | Digital Canvas Prints		https://theartframer.us/product/crucifixion-scene-canvas-wall-art/	16762	Crucifixion Scene Canvas Wall Art 3×4 Feet – Floating Frame – Premium Digital Canvas Print – Living Room & Home Spiritual Wall Décor	publish
RK - 010043-4030	All Art Prints | Deals &amp; Discounts | Digital Canvas Prints	Hindu Deities	https://theartframer.us/product/golden-cosmic-krishna-canvas-wall-art/	16823	Golden Cosmic Krishna Canvas Wall Art 3×4 Feet – Floating Frame – Premium Digital Canvas Print – Living Room & Home Spiritual Wall Décor	publish
LB - 090013-5030	All Art Prints | Deals &amp; Discounts | Digital Canvas Prints	Buddha	https://theartframer.us/product/buddha-enlightenment-scene-canvas-wall-art/	16932	Buddha Enlightenment Scene Canvas Wall Art 3×4 Feet – Floating Frame – Premium Digital Canvas Print – Living Room & Home Spiritual Wall Décor	publish
LS - 030008-3040	All Art Prints | Deals &amp; Discounts | Digital Canvas Prints	Hindu Deities | Lord Shiva	https://theartframer.us/product/shiva-family-art-canvas-wall-art/	16993	Shiva Family Art Canvas Wall Art 3×4 Feet – Floating Frame – Premium Digital Canvas Print – Living Room & Home Spiritual Wall Décor	publish
HD - 080027-4030	All Art Prints | Deals &amp; Discounts | Digital Canvas Prints	Hindu Deities	https://theartframer.us/product/garlanded-guru-portrait-canvas-wall-art/	17090	Garlanded Guru Portrait Canvas Wall Art 3×4 Feet – Floating Frame – Premium Digital Canvas Print – Living Room & Home Spiritual Wall Décor	publish
WL - 170003-5030	All Art Prints | Deals &amp; Discounts | Digital Canvas Prints	Abstract Art | Wildlife	https://theartframer.us/product/geometric-elephant-canvas-wall-art/	17151	Geometric Elephant Canvas Wall Art 3×4 Feet – Floating Frame – Premium Digital Canvas Print – Living Room & Home Spiritual Wall Décor	publish
TMP-1223	All Art Prints | Deals &amp; Discounts | Digital Canvas Prints	Hindu Deities	https://theartframer.us/product/beautiful-lord-krishna-statue-canvas-wall-art/	17212	Beautiful Lord Krishna Statue Canvas Wall Art 3×4 Feet – Floating Frame – Premium Digital Canvas Print – Living Room & Home Spiritual Wall Décor	publish
RK - 010026-5030	All Art Prints | Deals &amp; Discounts | Digital Canvas Prints	Hindu Deities | Radha Krishna	https://theartframer.us/product/radha-krishna-temple-scene-canvas-wall-art/	17280	Radha Krishna Temple Scene Canvas Wall Art 3×4 Feet – Floating Frame – Premium Digital Canvas Print – Living Room & Home Spiritual Wall Décor	publish
LS - 030003-4030	All Art Prints | Deals &amp; Discounts | Digital Canvas Prints	Hindu Deities | Lord Shiva	https://theartframer.us/product/shiva-in-moonlit-cave-canvas-wall-art/	17341	Shiva in Moonlit Cave Canvas Wall Art 3×4 Feet – Floating Frame – Premium Digital Canvas Print – Living Room & Home Spiritual Wall Décor	publish
LI - 190022-5030	All Art Prints | Deals &amp; Discounts | Digital Canvas Prints	Seven Horses	https://theartframer.us/product/vibrant-horse-art-canvas-wall-art/	17402	Vibrant Horse Art Canvas Wall Art 3×4 Feet – Floating Frame – Premium Digital Canvas Print – Living Room & Home Spiritual Wall Décor	publish
HD - 080010-4030	All Art Prints | Deals &amp; Discounts | Digital Canvas Prints	Hindu Deities	https://theartframer.us/product/lord-mahavira-art-canvas-wall-art/	17472	Lord Mahavira Art Canvas Wall Art 3×4 Feet – Floating Frame – Premium Digital Canvas Print – Living Room & Home Spiritual Wall Décor	publish
LR - 070005-5030	All Art Prints | Deals &amp; Discounts | Digital Canvas Prints	Tirupati Balaji	https://theartframer.us/product/lord-balaji-idol-canvas-wall-art/	17543	Lord Balaji Idol Canvas Wall Art 3×4 Feet – Floating Frame – Premium Digital Canvas Print – Living Room & Home Spiritual Wall Décor	publish
HD - 080024-5030	All Art Prints | Deals &amp; Discounts | Digital Canvas Prints	Indian Culture	https://theartframer.us/product/sai-baba-portrait-canvas-wall-art/	17605	Sai Baba Portrait Canvas Wall Art 3×4 Feet – Floating Frame – Premium Digital Canvas Print – Living Room & Home Spiritual Wall Décor	publish
LI - 190010-5030	All Art Prints | Christian Art | Deals &amp; Discounts | Digital Canvas Prints		https://theartframer.us/product/jesus-portrait-canvas-wall-art/	17672	Jesus Portrait Canvas Wall Art 3×4 Feet – Floating Frame – Premium Digital Canvas Print – Living Room & Home Spiritual Wall Décor	publish
HD - 080007-5030	All Art Prints | Deals &amp; Discounts | Digital Canvas Prints	Hindu Deities | Lakshmi Ganesha	https://theartframer.us/product/ganesh-art-canvas-wall-art/	17733	Ganesh Art Canvas Wall Art 3×4 Feet – Floating Frame – Premium Digital Canvas Print – Living Room & Home Spiritual Wall Décor	publish
HD - 080011-5030	All Art Prints | Deals &amp; Discounts | Digital Canvas Prints	Hindu Deities	https://theartframer.us/product/lord-hanuman-statue-art-canvas-wall-art/	17795	Lord Hanuman Statue Art Canvas Wall Art 3×4 Feet – Floating Frame – Premium Digital Canvas Print – Living Room & Home Spiritual Wall Décor	publish
TMP-1225	All Art Prints | Deals &amp; Discounts | Digital Canvas Prints	Hindu Deities | Lord Shiva	https://theartframer.us/product/shiva-the-destroyer-canvas-wall-art/	17856	Shiva The Destroyer Canvas Wall Art 3×4 Feet – Floating Frame – Premium Digital Canvas Print – Living Room & Home Spiritual Wall Décor	publish
HD - 080020-5030	All Art Prints | Deals &amp; Discounts | Digital Canvas Prints	Hindu Deities | Lakshmi Ganesha | Wildlife	https://theartframer.us/product/goddess-lakshmi-on-elephant-canvas-wall-art/	17917	Goddess Lakshmi on Elephant Canvas Wall Art 3×4 Feet – Floating Frame – Premium Digital Canvas Print – Living Room & Home Spiritual Wall Décor	publish
AA - 200010-4030	All Art Prints | Deals &amp; Discounts | Digital Canvas Prints	Abstract Art	https://theartframer.us/product/tree-under-moonlight-canvas-wall-art/	17978	Tree Under Moonlight Canvas Wall Art 3×4 Feet – Floating Frame – Premium Digital Canvas Print – Living Room & Home Spiritual Wall Décor	publish
RK - 010019-5030	All Art Prints | Deals &amp; Discounts | Digital Canvas Prints	Radha Krishna	https://theartframer.us/product/radha-krishna-dance-canvas-wall-art/	18039	Radha Krishna Dance Canvas Wall Art 3×4 Feet – Floating Frame – Premium Digital Canvas Print – Living Room & Home Spiritual Wall Décor	publish
RK - 010032-4050	All Art Prints | Deals &amp; Discounts | Digital Canvas Prints	Hindu Deities	https://theartframer.us/product/krishna-flute-collage-art-canvas-wall-art/	18107	Krishna Flute Collage Art Canvas Wall Art 3×4 Feet – Floating Frame – Premium Digital Canvas Print – Living Room & Home Spiritual Wall Décor	publish
KR - 180016-4040	All Art Prints | Deals &amp; Discounts | Digital Canvas Prints	Abstract Art	https://theartframer.us/product/whimsical-bird-creatures-canvas-wall-art/	18168	Whimsical Bird Creatures Canvas Wall Art 3×4 Feet – Floating Frame – Premium Digital Canvas Print – Living Room & Home Spiritual Wall Décor	publish
LR - 070006-5030	All Art Prints | Deals &amp; Discounts | Digital Canvas Prints	Hindu Deities	https://theartframer.us/product/lord-krishna-statue-canvas-wall-art/	18229	Lord Krishna Statue Canvas Wall Art 3×4 Feet – Floating Frame – Premium Digital Canvas Print – Living Room & Home Spiritual Wall Décor	publish
LS - 030004-3050	All Art Prints | Deals &amp; Discounts | Digital Canvas Prints	Hindu Deities | Lord Shiva	https://theartframer.us/product/shiva-meditation-art-canvas-wall-art/	18290	Shiva Meditation Art Canvas Wall Art 3×4 Feet – Floating Frame – Premium Digital Canvas Print – Living Room & Home Spiritual Wall Décor	publish
RK - 010049-4030	All Art Prints | Deals &amp; Discounts | Digital Canvas Prints	Hindu Deities	https://theartframer.us/product/mystical-govinda-poster-canvas-wall-art/	18355	Mystical Govinda Poster Canvas Wall Art 3×4 Feet – Floating Frame – Premium Digital Canvas Print – Living Room & Home Spiritual Wall Décor	publish
LS - 030005-4030	All Art Prints | Deals &amp; Discounts | Digital Canvas Prints	Hindu Deities | Lord Shiva	https://theartframer.us/product/shiva-meditation-scene-canvas-wall-art/	18416	Shiva Meditation Scene Canvas Wall Art 3×4 Feet – Floating Frame – Premium Digital Canvas Print – Living Room & Home Spiritual Wall Décor	publish
HD - 080025-5030	All Art Prints | Deals &amp; Discounts | Digital Canvas Prints	Hindu Deities	https://theartframer.us/product/iskcon-leader-portrait-canvas-wall-art/	18477	ISKCON Leader Portrait Canvas Wall Art 3×4 Feet – Floating Frame – Premium Digital Canvas Print – Living Room & Home Spiritual Wall Décor	publish
HD - 080017-5030	All Art Prints | Deals &amp; Discounts | Digital Canvas Prints	Hindu Deities | Lakshmi Ganesha | Wildlife	https://theartframer.us/product/lakshmi-with-elephants-canvas-wall-art/	18538	Lakshmi with Elephants Canvas Wall Art 3×4 Feet – Floating Frame – Premium Digital Canvas Print – Living Room & Home Spiritual Wall Décor	publish
RK - 010044-5030	All Art Prints | Deals &amp; Discounts | Digital Canvas Prints	Hindu Deities	https://theartframer.us/product/lord-krishna-playing-flute-canvas-wall-art/	18600	Lord Krishna Playing Flute Canvas Wall Art 3×4 Feet – Floating Frame – Premium Digital Canvas Print – Living Room & Home Spiritual Wall Décor	publish
TP - 050003-3040	All Art Prints | Deals &amp; Discounts | Digital Canvas Prints	Hindu Deities	https://theartframer.us/product/ram-sita-wedding-canvas-wall-art/	18666	Ram Sita Wedding Canvas Wall Art 3×4 Feet – Floating Frame – Premium Digital Canvas Print – Living Room & Home Spiritual Wall Décor	publish
KR - 180015-4040	All Art Prints | Deals &amp; Discounts | Digital Canvas Prints	Abstract Art	https://theartframer.us/product/whimsy-friends-canvas-wall-art/	18727	Whimsy Friends Canvas Wall Art 3×4 Feet – Floating Frame – Premium Digital Canvas Print – Living Room & Home Spiritual Wall Décor	publish
RK - 010046-6030	All Art Prints | Deals &amp; Discounts | Digital Canvas Prints	Hindu Deities	https://theartframer.us/product/vishnu-divine-avatar-canvas-wall-art/	18788	Vishnu Divine Avatar Canvas Wall Art 3×4 Feet – Floating Frame – Premium Digital Canvas Print – Living Room & Home Spiritual Wall Décor	publish
AA - 200009-5030	All Art Prints | Deals &amp; Discounts | Digital Canvas Prints	Landscapes	https://theartframer.us/product/surreal-landscape-canvas-wall-art/	18897	Surreal Landscape Canvas Wall Art 3×4 Feet – Floating Frame – Premium Digital Canvas Print – Living Room & Home Spiritual Wall Décor	publish
RK - 010004-4040	All Art Prints | Deals &amp; Discounts | Digital Canvas Prints	Radha Krishna	https://theartframer.us/product/krishna-with-radha-canvas-wall-art/	18964	Krishna with Radha Canvas Wall Art 3×4 Feet – Floating Frame – Premium Digital Canvas Print – Living Room & Home Spiritual Wall Décor	publish
TMP-1226	All Art Prints | Deals &amp; Discounts | Digital Canvas Prints	Seven Horses	https://theartframer.us/product/seven-horses-ocean-run-canvas-wall-art/	19025	Seven Horses Ocean Run Canvas Wall Art 3×4 Feet – Floating Frame – Premium Digital Canvas Print – Living Room & Home Spiritual Wall Décor	publish
HD - 080008-4040	All Art Prints | Deals &amp; Discounts | Digital Canvas Prints	Hindu Deities	https://theartframer.us/product/surya-in-chariot-canvas-wall-art/	19086	Surya in Chariot Canvas Wall Art 3×4 Feet – Floating Frame – Premium Digital Canvas Print – Living Room & Home Spiritual Wall Décor	publish
RK - 010030-3050	All Art Prints | Deals &amp; Discounts | Digital Canvas Prints	Hindu Deities	https://theartframer.us/product/krishna-flute-player-canvas-wall-art/	19147	Krishna Flute Player Canvas Wall Art 3×4 Feet – Floating Frame – Premium Digital Canvas Print – Living Room & Home Spiritual Wall Décor	publish
RK - 010020-5030	All Art Prints | Deals &amp; Discounts | Digital Canvas Prints	Radha Krishna	https://theartframer.us/product/radha-krishna-floral-arch-canvas-wall-art/	19208	Radha Krishna Floral Arch Canvas Wall Art 3×4 Feet – Floating Frame – Premium Digital Canvas Print – Living Room & Home Spiritual Wall Décor	publish
LS - 030010-4030	All Art Prints | Deals &amp; Discounts | Digital Canvas Prints	Hindu Deities | Lord Shiva	https://theartframer.us/product/shiva-with-nandi-canvas-wall-art/	19269	Shiva with Nandi Canvas Wall Art 3×4 Feet – Floating Frame – Premium Digital Canvas Print – Living Room & Home Spiritual Wall Décor	publish
HD - 080005-5030	All Art Prints | Deals &amp; Discounts | Digital Canvas Prints	Hindu Deities | Lakshmi Ganesha	https://theartframer.us/product/ganesha-art-canvas-wall-art/	19330	Ganesha Art Canvas Wall Art 3×4 Feet – Floating Frame – Premium Digital Canvas Print – Living Room & Home Spiritual Wall Décor	publish
RK - 010022-3050	All Art Prints | Deals &amp; Discounts | Digital Canvas Prints	Radha Krishna | Wildlife	https://theartframer.us/product/radha-krishna-with-peacocks-canvas-wall-art/	19392	Radha Krishna with Peacocks Canvas Wall Art 3×4 Feet – Floating Frame – Premium Digital Canvas Print – Living Room & Home Spiritual Wall Décor	publish
TMP-1227	All Art Prints | Deals &amp; Discounts | Digital Canvas Prints	Hindu Deities	https://theartframer.us/product/golden-krishna-flute-player-canvas-wall-art/	19453	Golden Krishna Flute Player Canvas Wall Art 3×4 Feet – Floating Frame – Premium Digital Canvas Print – Living Room & Home Spiritual Wall Décor	publish
VA - 160001-3050	All Art Prints | Deals &amp; Discounts | Digital Canvas Prints	Wildlife	https://theartframer.us/product/peacock-floral-art-canvas-wall-art/	19514	Peacock Floral Art Canvas Wall Art 3×4 Feet – Floating Frame – Premium Digital Canvas Print – Living Room & Home Spiritual Wall Décor	publish
AA - 200006-4030	All Art Prints | Deals &amp; Discounts | Digital Canvas Prints	Landscapes	https://theartframer.us/product/man-in-contemplation-canvas-wall-art/	19575	Man in Contemplation Canvas Wall Art 3×4 Feet – Floating Frame – Premium Digital Canvas Print – Living Room & Home Spiritual Wall Décor	publish
SH - 040008-3040	All Art Prints | Deals &amp; Discounts | Digital Canvas Prints	Seven Horses	https://theartframer.us/product/seven-horses-in-the-clouds-canvas-wall-art/	19636	Seven Horses in the Clouds Canvas Wall Art 3×4 Feet – Floating Frame – Premium Digital Canvas Print – Living Room & Home Spiritual Wall Décor	publish
LI - 190029-4030	All Art Prints | Deals &amp; Discounts | Digital Canvas Prints	Landscapes	https://theartframer.us/product/moonlit-sailing-adventure-canvas-wall-art/	19697	Moonlit Sailing Adventure Canvas Wall Art 3×4 Feet – Floating Frame – Premium Digital Canvas Print – Living Room & Home Spiritual Wall Décor	publish
SH - 040006-3050	All Art Prints | Deals &amp; Discounts | Digital Canvas Prints	Seven Horses	https://theartframer.us/product/colorful-horses-art-canvas-wall-art/	19759	Colorful Horses Art Canvas Wall Art 3×4 Feet – Floating Frame – Premium Digital Canvas Print – Living Room & Home Spiritual Wall Décor	publish
RK - 010047-5040	All Art Prints | Deals &amp; Discounts | Digital Canvas Prints	Hindu Deities | Kids Room	https://theartframer.us/product/baby-krishna-hides-canvas-wall-art/	19822	Baby Krishna Hides Canvas Wall Art 3×4 Feet – Floating Frame – Premium Digital Canvas Print – Living Room & Home Spiritual Wall Décor	publish
LS - 030007-4030	All Art Prints | Deals &amp; Discounts | Digital Canvas Prints	Hindu Deities | Lord Shiva	https://theartframer.us/product/shiva-neon-line-art-canvas-wall-art/	19883	Shiva Neon Line Art Canvas Wall Art 3×4 Feet – Floating Frame – Premium Digital Canvas Print – Living Room & Home Spiritual Wall Décor	publish
LI - 190048-5030	All Art Prints | Deals &amp; Discounts | Digital Canvas Prints	Landscapes	https://theartframer.us/product/green-leafy-plants-art-canvas-wall-art/	19944	Green Leafy Plants Art Canvas Wall Art 3×4 Feet – Floating Frame – Premium Digital Canvas Print – Living Room & Home Spiritual Wall Décor	publish
IC - 130005-4030	All Art Prints | Deals &amp; Discounts | Digital Canvas Prints	Indian Culture	https://theartframer.us/product/indian-classical-dancer-canvas-wall-art/	20026	Indian Classical Dancer Canvas Wall Art 3×4 Feet – Floating Frame – Premium Digital Canvas Print – Living Room & Home Spiritual Wall Décor	publish
SH - 040015-3040	All Art Prints | Deals &amp; Discounts | Digital Canvas Prints	Seven Horses	https://theartframer.us/product/running-white-horses-canvas-wall-art-2/	20087	Running White Horses Canvas Wall Art 3×4 Feet – Floating Frame – Premium Digital Canvas Print – Living Room & Home Spiritual Wall Décor	publish
SH - 040013-3050	All Art Prints | Deals &amp; Discounts | Digital Canvas Prints	Seven Horses	https://theartframer.us/product/rainbow-horse-gallop-canvas-wall-art/	20169	Rainbow Horse Gallop Canvas Wall Art 3×4 Feet – Floating Frame – Premium Digital Canvas Print – Living Room & Home Spiritual Wall Décor	publish
LI - 190005-3050	All Art Prints | Christian Art | Deals &amp; Discounts | Digital Canvas Prints		https://theartframer.us/product/holy-family-stained-glass-canvas-wall-art/	20288	Holy Family Stained Glass Canvas Wall Art 3×4 Feet – Floating Frame – Premium Digital Canvas Print – Living Room & Home Spiritual Wall Décor	publish
RK - 010028-3050	All Art Prints | Deals &amp; Discounts | Digital Canvas Prints	Radha Krishna	https://theartframer.us/product/radha-krishna-angel-embrace-canvas-wall-art/	20349	Radha Krishna Angel Embrace Canvas Wall Art 3×4 Feet – Floating Frame – Premium Digital Canvas Print – Living Room & Home Spiritual Wall Décor	publish
TP - 050010-5030	All Art Prints | Deals &amp; Discounts | Digital Canvas Prints	Hindu Deities	https://theartframer.us/product/narasimha-on-serpent-throne-canvas-wall-art/	20410	Narasimha on Serpent Throne Canvas Wall Art 3×4 Feet – Floating Frame – Premium Digital Canvas Print – Living Room & Home Spiritual Wall Décor	publish
LB - 090009-3050	All Art Prints | Deals &amp; Discounts | Digital Canvas Prints	Buddha | Landscapes	https://theartframer.us/product/buddha-waterfall-cave-canvas-wall-art/	20471	Buddha Waterfall Cave Canvas Wall Art 3×4 Feet – Floating Frame – Premium Digital Canvas Print – Living Room & Home Spiritual Wall Décor	publish
LB - 090003-2060	All Art Prints | Deals &amp; Discounts | Digital Canvas Prints	Buddha	https://theartframer.us/product/teal-buddha-lotus-mural-canvas-wall-art/	20526	Teal Buddha Lotus Mural Canvas Wall Art 3×4 Feet – Floating Frame – Premium Digital Canvas Print – Living Room & Home Spiritual Wall Décor	publish
TP - 050005-5030	All Art Prints | Deals &amp; Discounts | Digital Canvas Prints	Hindu Deities | Tirupati Balaji	https://theartframer.us/product/tirupati-balaji-shrine-canvas-wall-art/	20587	Tirupati Balaji Shrine Canvas Wall Art 3×4 Feet – Floating Frame – Premium Digital Canvas Print – Living Room & Home Spiritual Wall Décor	publish
LB - 090004-3050	All Art Prints | Deals &amp; Discounts | Digital Canvas Prints	Buddha	https://theartframer.us/product/buddha-on-lotus-at-dawn-canvas-wall-art/	20648	Buddha on Lotus at Dawn Canvas Wall Art 3×4 Feet – Floating Frame – Premium Digital Canvas Print – Living Room & Home Spiritual Wall Décor	publish
LB - 090006-5030	All Art Prints | Deals &amp; Discounts | Digital Canvas Prints	Buddha	https://theartframer.us/product/buddha-lotus-twilight-canvas-wall-art/	20709	Buddha Lotus Twilight Canvas Wall Art 3×4 Feet – Floating Frame – Premium Digital Canvas Print – Living Room & Home Spiritual Wall Décor	publish
LS - 030018-5030	All Art Prints | Deals &amp; Discounts | Digital Canvas Prints	Hindu Deities | Lord Shiva	https://theartframer.us/product/shiva-crescent-dream-canvas-wall-art/	20770	Shiva Crescent Dream Canvas Wall Art 3×4 Feet – Floating Frame – Premium Digital Canvas Print – Living Room & Home Spiritual Wall Décor	publish
RK - 010012-3060	All Art Prints | Deals &amp; Discounts | Digital Canvas Prints	Radha Krishna | Wildlife	https://theartframer.us/product/radha-krishna-peacock-elegance-canvas-wall-art/	20831	Radha Krishna Peacock Elegance Canvas Wall Art 3×4 Feet – Floating Frame – Premium Digital Canvas Print – Living Room & Home Spiritual Wall Décor	publish
LB - 090007-3050	All Art Prints | Deals &amp; Discounts | Digital Canvas Prints	Buddha	https://theartframer.us/product/neon-jungle-buddha-canvas-wall-art/	20892	Neon Jungle Buddha Canvas Wall Art 3×4 Feet – Floating Frame – Premium Digital Canvas Print – Living Room & Home Spiritual Wall Décor	publish
SH - 040007-3060	All Art Prints | Deals &amp; Discounts | Digital Canvas Prints	Seven Horses	https://theartframer.us/product/seven-horses-sky-run-canvas-wall-art/	20953	Seven Horses Sky Run Canvas Wall Art 3×4 Feet – Floating Frame – Premium Digital Canvas Print – Living Room & Home Spiritual Wall Décor	publish
SH - 040009-3040	All Art Prints | Deals &amp; Discounts | Digital Canvas Prints	Landscapes | Seven Horses	https://theartframer.us/product/seven-horses-sunrise-gallop-canvas-wall-art/	21014	Seven Horses Sunrise Gallop Canvas Wall Art 3×4 Feet – Floating Frame – Premium Digital Canvas Print – Living Room & Home Spiritual Wall Décor	publish
HD - 080015-5030	All Art Prints | Deals &amp; Discounts | Digital Canvas Prints	Hindu Deities	https://theartframer.us/product/saraswati-with-swan-canvas-wall-art/	21075	Saraswati with Swan Canvas Wall Art 3×4 Feet – Floating Frame – Premium Digital Canvas Print – Living Room & Home Spiritual Wall Décor	publish
LR - 070003-3050	All Art Prints | Deals &amp; Discounts | Digital Canvas Prints	Hindu Deities	https://theartframer.us/product/ram-sita-portrait-canvas-wall-art/	21136	Ram Sita Portrait Canvas Wall Art 3×4 Feet – Floating Frame – Premium Digital Canvas Print – Living Room & Home Spiritual Wall Décor	publish
RK - 010014-3050	All Art Prints | Deals &amp; Discounts | Digital Canvas Prints	Hindu Deities | Kids Room	https://theartframer.us/product/baby-krishna-butter-delight-canvas-wall-art/	21197	Baby Krishna Butter Delight Canvas Wall Art 3×4 Feet – Floating Frame – Premium Digital Canvas Print – Living Room & Home Spiritual Wall Décor	publish
LR - 070002-5030	All Art Prints | Deals &amp; Discounts | Digital Canvas Prints	Hindu Deities | Lord Rama	https://theartframer.us/product/ram-darbar-blessing-canvas-wall-art/	21259	Ram Darbar Blessing Canvas Wall Art 3×4 Feet – Floating Frame – Premium Digital Canvas Print – Living Room & Home Spiritual Wall Décor	publish
RK - 010034-4030	All Art Prints | Deals &amp; Discounts | Digital Canvas Prints	Hindu Deities	https://theartframer.us/product/krishna-with-white-cows-canvas-wall-art/	21320	Krishna with White Cows Canvas Wall Art 3×4 Feet – Floating Frame – Premium Digital Canvas Print – Living Room & Home Spiritual Wall Décor	publish
VA - 160004-5030	All Art Prints | Deals &amp; Discounts | Digital Canvas Prints	Wildlife	https://theartframer.us/product/sun-phoenix-vintage-art-canvas-wall-art/	21381	Sun Phoenix Vintage Art Canvas Wall Art 3×4 Feet – Floating Frame – Premium Digital Canvas Print – Living Room & Home Spiritual Wall Décor	publish
LS - 030012-4030	All Art Prints | Deals &amp; Discounts | Digital Canvas Prints	Hindu Deities	https://theartframer.us/product/kali-ink-dance-canvas-wall-art/	21442	Kali Ink Dance Canvas Wall Art 3×4 Feet – Floating Frame – Premium Digital Canvas Print – Living Room & Home Spiritual Wall Décor	publish
HD - 080021-4030	All Art Prints | Deals &amp; Discounts | Digital Canvas Prints	Hindu Deities	https://theartframer.us/product/vaishnava-saints-kirtan-canvas-wall-art/	21503	Vaishnava Saints Kirtan Canvas Wall Art 3×4 Feet – Floating Frame – Premium Digital Canvas Print – Living Room & Home Spiritual Wall Décor	publish
HD - 080006-5030	All Art Prints | Deals &amp; Discounts | Digital Canvas Prints	Hindu Deities | Lakshmi Ganesha | Wildlife	https://theartframer.us/product/ganesha-with-elephants-canvas-wall-art/	21564	Ganesha with Elephants Canvas Wall Art 3×4 Feet – Floating Frame – Premium Digital Canvas Print – Living Room & Home Spiritual Wall Décor	publish
LS - 030011-4030	All Art Prints | Deals &amp; Discounts | Digital Canvas Prints	Indian Culture	https://theartframer.us/product/krishna-and-cow-folk-art-canvas-wall-art/	21625	Krishna and Cow Folk Art Canvas Wall Art 3×4 Feet – Floating Frame – Premium Digital Canvas Print – Living Room & Home Spiritual Wall Décor	publish
RK - 010013-3050	All Art Prints | Deals &amp; Discounts | Digital Canvas Prints	Radha Krishna	https://theartframer.us/product/golden-radha-krishna-duet-canvas-wall-art/	21686	Golden Radha Krishna Duet Canvas Wall Art 3×4 Feet – Floating Frame – Premium Digital Canvas Print – Living Room & Home Spiritual Wall Décor	publish
TMP-1228	All Art Prints | Deals &amp; Discounts | Digital Canvas Prints	Sikh Art	https://theartframer.us/product/guru-watercolor-splash-canvas-wall-art/	21771	Guru Watercolor Splash Canvas Wall Art 3×4 Feet – Floating Frame – Premium Digital Canvas Print – Living Room & Home Spiritual Wall Décor	publish
LI - 190012-5030	All Art Prints | Christian Art | Deals &amp; Discounts | Digital Canvas Prints		https://theartframer.us/product/divine-mercy-radiance-canvas-wall-art/	21832	Divine Mercy Radiance Canvas Wall Art 3×4 Feet – Floating Frame – Premium Digital Canvas Print – Living Room & Home Spiritual Wall Décor	publish
SH - 040014-3040	All Art Prints | Deals &amp; Discounts | Digital Canvas Prints	Seven Horses	https://theartframer.us/product/wild-horses-stampede-canvas-wall-art/	21893	Wild Horses Stampede Canvas Wall Art 3×4 Feet – Floating Frame – Premium Digital Canvas Print – Living Room & Home Spiritual Wall Décor	publish
LS - 030002-4030	All Art Prints | Deals &amp; Discounts | Digital Canvas Prints	Hindu Deities | Lord Shiva	https://theartframer.us/product/shiva-family-cubist-art-canvas-wall-art/	21954	Shiva Family Cubist Art Canvas Wall Art 3×4 Feet – Floating Frame – Premium Digital Canvas Print – Living Room & Home Spiritual Wall Décor	publish
TMP-1229	All Art Prints | Deals &amp; Discounts | Digital Canvas Prints	Seven Horses	https://theartframer.us/product/horses-in-color-field-canvas-wall-art/	22016	Horses in Color Field Canvas Wall Art 3×4 Feet – Floating Frame – Premium Digital Canvas Print – Living Room & Home Spiritual Wall Décor	publish
TMP-1230	All Art Prints | Deals &amp; Discounts | Digital Canvas Prints	Hindu Deities | Lord Shiva	https://theartframer.us/product/shiva-in-the-sea-canvas-wall-art/	22077	Shiva in the Sea Canvas Wall Art 3×4 Feet – Floating Frame – Premium Digital Canvas Print – Living Room & Home Spiritual Wall Décor	publish
RK - 010095-3040	All Art Prints | Deals &amp; Discounts | Digital Canvas Prints	Hindu Deities	https://theartframer.us/product/krishna-s-gopis-gathering-canvas-wall-art/	22138	Krishna’s Gopis Gathering Canvas Wall Art 3×4 Feet – Floating Frame – Premium Digital Canvas Print – Living Room & Home Spiritual Wall Décor	publish
WL - 170020-3050	All Art Prints | Deals &amp; Discounts | Digital Canvas Prints	Wildlife	https://theartframer.us/product/peacock-art-canvas-wall-art/	22199	Peacock Art Canvas Wall Art 3×4 Feet – Floating Frame – Premium Digital Canvas Print – Living Room & Home Spiritual Wall Décor	publish
HD - 080013-5030	All Art Prints | Deals &amp; Discounts | Digital Canvas Prints	Hindu Deities	https://theartframer.us/product/hanuman-ji-sitting-pretty-canvas-wall-art/	22260	Hanuman Ji Sitting Pretty Canvas Wall Art 3×4 Feet – Floating Frame – Premium Digital Canvas Print – Living Room & Home Spiritual Wall Décor	publish
SA - 100004-3040	All Art Prints | Deals &amp; Discounts | Digital Canvas Prints	Sikh Art	https://theartframer.us/product/golden-guru-aura-canvas-wall-art/	22321	Golden Guru Aura Canvas Wall Art 3×4 Feet – Floating Frame – Premium Digital Canvas Print – Living Room & Home Spiritual Wall Décor	publish
TMP-1071	All Art Prints | Deals &amp; Discounts | Digital Canvas Prints	Hindu Deities	https://theartframer.us/product/krishna-rainbow-splash-canvas-wall-art/	22383	Krishna Rainbow Splash Canvas Wall Art 3×4 Feet – Floating Frame – Premium Digital Canvas Print – Living Room & Home Spiritual Wall Décor	publish
LI - 190007-5030	All Art Prints | Christian Art | Deals &amp; Discounts | Digital Canvas Prints		https://theartframer.us/product/cross-of-faith-canvas-wall-art/	22444	Cross of Faith Canvas Wall Art 3×4 Feet – Floating Frame – Premium Digital Canvas Print – Living Room & Home Spiritual Wall Décor	publish
TMP-1072	All Art Prints | Deals &amp; Discounts | Digital Canvas Prints	Hindu Deities	https://theartframer.us/product/sleeping-krishna-art-canvas-wall-art/	22505	Sleeping Krishna Art Canvas Wall Art 3×4 Feet – Floating Frame – Premium Digital Canvas Print – Living Room & Home Spiritual Wall Décor	publish
TMP-1231	All Art Prints | Deals &amp; Discounts | Digital Canvas Prints	Hindu Deities	https://theartframer.us/product/decorated-lord-murugan-canvas-wall-art/	22564	Decorated Lord Murugan Canvas Wall Art 3×4 Feet – Floating Frame – Premium Digital Canvas Print – Living Room & Home Spiritual Wall Décor	publish
KR - 180020-6030	All Art Prints | Deals &amp; Discounts | Digital Canvas Prints	Abstract Art	https://theartframer.us/product/whimsical-tower-scene-canvas-wall-art/	22625	Whimsical Tower Scene Canvas Wall Art 3×4 Feet – Floating Frame – Premium Digital Canvas Print – Living Room & Home Spiritual Wall Décor	publish
TMP-1232	All Art Prints | Deals &amp; Discounts | Digital Canvas Prints	Hindu Deities	https://theartframer.us/product/vishnu-bhootapuri-art-canvas-wall-art/	22686	Vishnu Bhootapuri Art Canvas Wall Art 3×4 Feet – Floating Frame – Premium Digital Canvas Print – Living Room & Home Spiritual Wall Décor	publish
TMP-1233	All Art Prints | Deals &amp; Discounts | Digital Canvas Prints	Hindu Deities | Lakshmi Ganesha	https://theartframer.us/product/ganesh-pop-art-canvas-wall-art/	22747	Ganesh Pop Art Canvas Wall Art 3×4 Feet – Floating Frame – Premium Digital Canvas Print – Living Room & Home Spiritual Wall Décor	publish
HD - 080029-4030	All Art Prints | Deals &amp; Discounts | Digital Canvas Prints	Hindu Deities	https://theartframer.us/product/srila-prabhupada-portrait-canvas-wall-art/	22825	Srila Prabhupada Portrait Canvas Wall Art 3×4 Feet – Floating Frame – Premium Digital Canvas Print – Living Room & Home Spiritual Wall Décor	publish
WL - 170007-2540	All Art Prints | Deals &amp; Discounts | Digital Canvas Prints	Wildlife	https://theartframer.us/product/autumn-deer-folk-tree-canvas-wall-art/	22886	Autumn Deer Folk Tree Canvas Wall Art 3×4 Feet – Floating Frame – Premium Digital Canvas Print – Living Room & Home Spiritual Wall Décor	publish
TP - 050002-4030	All Art Prints | Deals &amp; Discounts | Digital Canvas Prints	Hindu Deities	https://theartframer.us/product/temple-sanctum-vishnu-canvas-wall-art/	22947	Temple Sanctum Vishnu Canvas Wall Art 3×4 Feet – Floating Frame – Premium Digital Canvas Print – Living Room & Home Spiritual Wall Décor	publish
LI - 190004-3050	All Art Prints | Deals &amp; Discounts | Digital Canvas Prints	Abstract Art	https://theartframer.us/product/teal-city-mirage-canvas-wall-art/	23008	Teal City Mirage Canvas Wall Art 3×4 Feet – Floating Frame – Premium Digital Canvas Print – Living Room & Home Spiritual Wall Décor	publish
TP - 050011-4030	All Art Prints | Deals &amp; Discounts | Digital Canvas Prints	Hindu Deities	https://theartframer.us/product/narayana-on-lotus-canvas-wall-art/	23069	Narayana on Lotus Canvas Wall Art 3×4 Feet – Floating Frame – Premium Digital Canvas Print – Living Room & Home Spiritual Wall Décor	publish
SH - 040005-3050	All Art Prints | Deals &amp; Discounts | Digital Canvas Prints	Seven Horses	https://theartframer.us/product/golden-horses-midnight-run-canvas-wall-art/	23130	Golden Horses Midnight Run Canvas Wall Art 3×4 Feet – Floating Frame – Premium Digital Canvas Print – Living Room & Home Spiritual Wall Décor	publish
SH - 040004-3050	All Art Prints | Deals &amp; Discounts | Digital Canvas Prints	Seven Horses	https://theartframer.us/product/seven-horses-cliff-dawn-canvas-wall-art/	23191	Seven Horses Cliff Dawn Canvas Wall Art 3×4 Feet – Floating Frame – Premium Digital Canvas Print – Living Room & Home Spiritual Wall Décor	publish
RK - 010048-5040	All Art Prints | Deals &amp; Discounts | Digital Canvas Prints	Hindu Deities	https://theartframer.us/product/divine-hand-with-mala-canvas-wall-art/	23252	Divine Hand with Mala Canvas Wall Art 3×4 Feet – Floating Frame – Premium Digital Canvas Print – Living Room & Home Spiritual Wall Décor	publish
KR - 180021-3050	All Art Prints | Deals &amp; Discounts | Digital Canvas Prints	Kids Room Decor	https://theartframer.us/product/safari-friends-nursery-canvas-wall-art/	23313	Safari Friends Nursery Canvas Wall Art 3×4 Feet – Floating Frame – Premium Digital Canvas Print – Living Room & Home Spiritual Wall Décor	publish
LI - 190033-5030	All Art Prints | Deals &amp; Discounts | Digital Canvas Prints	Wildlife	https://theartframer.us/product/moonlit-white-horse-canvas-wall-art/	23374	Moonlit White Horse Canvas Wall Art 3×4 Feet – Floating Frame – Premium Digital Canvas Print – Living Room & Home Spiritual Wall Décor	publish
AL 06	All Art Prints | Deals &amp; Discounts | Digital Canvas Prints	Hindu Deities	https://theartframer.us/product/andal-with-parrot-tanjore-canvas-wall-art/	23435	Andal with Parrot Tanjore Canvas Wall Art 3×4 Feet – Floating Frame – Premium Digital Canvas Print – Living Room & Home Spiritual Wall Décor	publish
AL 05	All Art Prints | Deals &amp; Discounts | Digital Canvas Prints	Hindu Deities	https://theartframer.us/product/mahayogi-tanjore-panel-canvas-wall-art/	23496	Mahayogi Tanjore Panel Canvas Wall Art 3×4 Feet – Floating Frame – Premium Digital Canvas Print – Living Room & Home Spiritual Wall Décor	publish
RK - 010091-5030	All Art Prints | Deals &amp; Discounts | Digital Canvas Prints	Hindu Deities	https://theartframer.us/product/bal-krishna-classic-portrait-canvas-wall-art/	23558	Bal Krishna Classic Portrait Canvas Wall Art 3×4 Feet – Floating Frame – Premium Digital Canvas Print – Living Room & Home Spiritual Wall Décor	publish
WL - 170013-5030	All Art Prints | Deals &amp; Discounts | Digital Canvas Prints	Wildlife	https://theartframer.us/product/swan-lake-romance-canvas-wall-art/	23619	Swan Lake Romance Canvas Wall Art 3×4 Feet – Floating Frame – Premium Digital Canvas Print – Living Room & Home Spiritual Wall Décor	publish
AA - 200016-4030	All Art Prints | Deals &amp; Discounts | Digital Canvas Prints	Abstract Art	https://theartframer.us/product/stone-face-taking-flight-canvas-wall-art/	23728	Stone Face Taking Flight Canvas Wall Art 3×4 Feet – Floating Frame – Premium Digital Canvas Print – Living Room & Home Spiritual Wall Décor	publish
TMP-1078	All Art Prints | Deals &amp; Discounts | Digital Canvas Prints	Radha Krishna	https://theartframer.us/product/radha-krishna-color-duet-canvas-wall-art/	23789	Radha Krishna Color Duet Canvas Wall Art 3×4 Feet – Floating Frame – Premium Digital Canvas Print – Living Room & Home Spiritual Wall Décor	publish
KR - 180022-4030	All Art Prints | Deals &amp; Discounts | Digital Canvas Prints	Kids Room Decor	https://theartframer.us/product/melody-makers-illustration-canvas-wall-art/	23850	Melody Makers Illustration Canvas Wall Art 3×4 Feet – Floating Frame – Premium Digital Canvas Print – Living Room & Home Spiritual Wall Décor	publish
TMP-1236	All Art Prints | Deals &amp; Discounts | Digital Canvas Prints	Hindu Deities	https://theartframer.us/product/kalki-avatar-tanjore-canvas-wall-art/	23911	Kalki Avatar Tanjore Canvas Wall Art 3×4 Feet – Floating Frame – Premium Digital Canvas Print – Living Room & Home Spiritual Wall Décor	publish
RK - 010057-5030	All Art Prints | Deals &amp; Discounts | Digital Canvas Prints	Radha Krishna	https://theartframer.us/product/radha-krishna-petal-dance-canvas-wall-art/	23972	Radha Krishna Petal Dance Canvas Wall Art 3×4 Feet – Floating Frame – Premium Digital Canvas Print – Living Room & Home Spiritual Wall Décor	publish
RK - 010055-6030	All Art Prints | Deals &amp; Discounts | Digital Canvas Prints	Radha Krishna	https://theartframer.us/product/radha-krishna-melody-swirl-canvas-wall-art/	24033	Radha Krishna Melody Swirl Canvas Wall Art 3×4 Feet – Floating Frame – Premium Digital Canvas Print – Living Room & Home Spiritual Wall Décor	publish
TMP-1237	All Art Prints | Deals &amp; Discounts | Digital Canvas Prints	Hindu Deities	https://theartframer.us/product/sri-ramanuja-procession-canvas-wall-art/	24094	Sri Ramanuja Procession Canvas Wall Art 3×4 Feet – Floating Frame – Premium Digital Canvas Print – Living Room & Home Spiritual Wall Décor	publish
MG - 060001-5030	All Art Prints | Deals &amp; Discounts | Digital Canvas Prints	Hindu Deities	https://theartframer.us/product/murugan-sanctum-darshan-canvas-wall-art/	24169	Murugan Sanctum Darshan Canvas Wall Art 3×4 Feet – Floating Frame – Premium Digital Canvas Print – Living Room & Home Spiritual Wall Décor	publish
RK - 010054-3050	All Art Prints | Deals &amp; Discounts | Digital Canvas Prints	Hindu Deities	https://theartframer.us/product/vishvarupa-gita-vision-canvas-wall-art/	24230	Vishvarupa Gita Vision Canvas Wall Art 3×4 Feet – Floating Frame – Premium Digital Canvas Print – Living Room & Home Spiritual Wall Décor	publish
SL - 150013-5030	All Art Prints | Deals &amp; Discounts | Digital Canvas Prints	Still Life	https://theartframer.us/product/blossom-vases-at-moonrise-canvas-wall-art/	24291	Blossom Vases at Moonrise Canvas Wall Art 3×4 Feet – Floating Frame – Premium Digital Canvas Print – Living Room & Home Spiritual Wall Décor	publish
LS - 030016-5030	All Art Prints | Deals &amp; Discounts | Digital Canvas Prints	Hindu Deities | Lord Shiva	https://theartframer.us/product/shiva-parvati-on-kailash-canvas-wall-art/	24352	Shiva Parvati on Kailash Canvas Wall Art 3×4 Feet – Floating Frame – Premium Digital Canvas Print – Living Room & Home Spiritual Wall Décor	publish
TMP-1238	All Art Prints | Deals &amp; Discounts | Digital Canvas Prints	Landscapes	https://theartframer.us/product/tropical-leaves-mural-canvas-wall-art/	24409	Tropical Leaves Mural Canvas Wall Art 3×4 Feet – Floating Frame – Premium Digital Canvas Print – Living Room & Home Spiritual Wall Décor	publish
TMP-1239	All Art Prints | Deals &amp; Discounts | Digital Canvas Prints	Hindu Deities	https://theartframer.us/product/tanjore-devotion-panel-canvas-wall-art/	24470	Tanjore Devotion Panel Canvas Wall Art 3×4 Feet – Floating Frame – Premium Digital Canvas Print – Living Room & Home Spiritual Wall Décor	publish
MG - 060002-5030	All Art Prints | Deals &amp; Discounts | Digital Canvas Prints	Hindu Deities	https://theartframer.us/product/murugan-flower-garden-canvas-wall-art/	24531	Murugan Flower Garden Canvas Wall Art 3×4 Feet – Floating Frame – Premium Digital Canvas Print – Living Room & Home Spiritual Wall Décor	publish
TMP-1083	All Art Prints | Deals &amp; Discounts | Digital Canvas Prints	Indian Culture	https://theartframer.us/product/veena-under-violet-moon-canvas-wall-art/	24592	Veena Under Violet Moon Canvas Wall Art 3×4 Feet – Floating Frame – Premium Digital Canvas Print – Living Room & Home Spiritual Wall Décor	publish
RK - 010096-5030	All Art Prints | Deals &amp; Discounts | Digital Canvas Prints	Radha Krishna	https://theartframer.us/product/radha-krishna-painted-faces-canvas-wall-art/	24653	Radha Krishna Painted Faces Canvas Wall Art 3×4 Feet – Floating Frame – Premium Digital Canvas Print – Living Room & Home Spiritual Wall Décor	publish
TMP-1241	All Art Prints | Deals &amp; Discounts | Digital Canvas Prints	Indian Culture	https://theartframer.us/product/namaste-henna-hands-canvas-wall-art/	24714	Namaste Henna Hands Canvas Wall Art 3×4 Feet – Floating Frame – Premium Digital Canvas Print – Living Room & Home Spiritual Wall Décor	publish
HD - 080030-3040	All Art Prints | Deals &amp; Discounts | Digital Canvas Prints	Indian Culture | Wildlife	https://theartframer.us/product/bharat-mata-with-lion-canvas-wall-art/	24775	Bharat Mata with Lion Canvas Wall Art 3×4 Feet – Floating Frame – Premium Digital Canvas Print – Living Room & Home Spiritual Wall Décor	publish
TMP-1242	All Art Prints | Deals &amp; Discounts | Digital Canvas Prints	Hindu Deities	https://theartframer.us/product/divine-blessings-gathering-canvas-wall-art/	24836	Divine Blessings Gathering Canvas Wall Art 3×4 Feet – Floating Frame – Premium Digital Canvas Print – Living Room & Home Spiritual Wall Décor	publish
LI - 190037-5030	All Art Prints | Deals &amp; Discounts | Digital Canvas Prints	Abstract Art	https://theartframer.us/product/crimson-horse-reverie-canvas-wall-art/	24897	Crimson Horse Reverie Canvas Wall Art 3×4 Feet – Floating Frame – Premium Digital Canvas Print – Living Room & Home Spiritual Wall Décor	publish
TMP-1243	All Art Prints | Deals &amp; Discounts | Digital Canvas Prints	Abstract Art | Hindu Deities | Lakshmi Ganesha	https://theartframer.us/product/ganesha-fire-abstract-canvas-wall-art/	24958	Ganesha Fire Abstract Canvas Wall Art 3×4 Feet – Floating Frame – Premium Digital Canvas Print – Living Room & Home Spiritual Wall Décor	publish
TMP-1244	All Art Prints | Deals &amp; Discounts | Digital Canvas Prints	Hindu Deities	https://theartframer.us/product/tanjore-seated-goddess-canvas-wall-art/	25021	Tanjore Seated Goddess Canvas Wall Art 3×4 Feet – Floating Frame – Premium Digital Canvas Print – Living Room & Home Spiritual Wall Décor	publish
TMP-1245	All Art Prints | Deals &amp; Discounts | Digital Canvas Prints	Buddha	https://theartframer.us/product/cosmic-buddha-nebula-canvas-wall-art/	25124	Cosmic Buddha Nebula Canvas Wall Art 3×4 Feet – Floating Frame – Premium Digital Canvas Print – Living Room & Home Spiritual Wall Décor	publish
SL - 150022-5030	All Art Prints | Deals &amp; Discounts | Digital Canvas Prints	Still Life	https://theartframer.us/product/lotus-basket-still-life-canvas-wall-art/	25185	Lotus Basket Still Life Canvas Wall Art 3×4 Feet – Floating Frame – Premium Digital Canvas Print – Living Room & Home Spiritual Wall Décor	publish
TMP-1246	All Art Prints | Deals &amp; Discounts | Digital Canvas Prints	Hindu Deities	https://theartframer.us/product/vaishnava-symbols-trio-canvas-wall-art/	25240	Vaishnava Symbols Trio Canvas Wall Art 3×4 Feet – Floating Frame – Premium Digital Canvas Print – Living Room & Home Spiritual Wall Décor	publish
TMP-1247	All Art Prints | Deals &amp; Discounts | Digital Canvas Prints	Hindu Deities	https://theartframer.us/product/tanjore-deity-with-devotees-canvas-wall-art/	25297	Tanjore Deity with Devotees Canvas Wall Art 3×4 Feet – Floating Frame – Premium Digital Canvas Print – Living Room & Home Spiritual Wall Décor	publish
TMP-1248	All Art Prints | Deals &amp; Discounts | Digital Canvas Prints	Indian Culture	https://theartframer.us/product/dancers-in-ocean-light-canvas-wall-art/	25358	Dancers in Ocean Light Canvas Wall Art 3×4 Feet – Floating Frame – Premium Digital Canvas Print – Living Room & Home Spiritual Wall Décor	publish
RK - 010060-3040	All Art Prints | Deals &amp; Discounts | Digital Canvas Prints	Hindu Deities	https://theartframer.us/product/satyanarayan-katha-scene-canvas-wall-art/	25419	Satyanarayan Katha Scene Canvas Wall Art 3×4 Feet – Floating Frame – Premium Digital Canvas Print – Living Room & Home Spiritual Wall Décor	publish
LI - 190050-3050	All Art Prints | Deals &amp; Discounts | Digital Canvas Prints	Landscapes	https://theartframer.us/product/lantern-lake-starry-night-canvas-wall-art/	25474	Lantern Lake Starry Night Canvas Wall Art 3×4 Feet – Floating Frame – Premium Digital Canvas Print – Living Room & Home Spiritual Wall Décor	publish
LI - 190051-3050	All Art Prints | Deals &amp; Discounts | Digital Canvas Prints	Abstract Art	https://theartframer.us/product/jazz-man-blue-gold-canvas-wall-art/	25535	Jazz Man Blue Gold Canvas Wall Art 3×4 Feet – Floating Frame – Premium Digital Canvas Print – Living Room & Home Spiritual Wall Décor	publish
TMP-1093	All Art Prints | Deals &amp; Discounts | Digital Canvas Prints	Hindu Deities	https://theartframer.us/product/tanjore-golden-deity-canvas-wall-art/	25596	Tanjore Golden Deity Canvas Wall Art 3×4 Feet – Floating Frame – Premium Digital Canvas Print – Living Room & Home Spiritual Wall Décor	publish
TMP-1249	All Art Prints | Deals &amp; Discounts | Digital Canvas Prints	Hindu Deities	https://theartframer.us/product/tanjore-acharya-panel-canvas-wall-art/	25657	Tanjore Acharya Panel Canvas Wall Art 3×4 Feet – Floating Frame – Premium Digital Canvas Print – Living Room & Home Spiritual Wall Décor	publish
LI - 190046-4030	All Art Prints | Deals &amp; Discounts | Digital Canvas Prints	Abstract Art	https://theartframer.us/product/franklin-graffiti-pop-art-canvas-wall-art/	25718	Franklin Graffiti Pop Art Canvas Wall Art 3×4 Feet – Floating Frame – Premium Digital Canvas Print – Living Room & Home Spiritual Wall Décor	publish
TMP-1250	All Art Prints | Deals &amp; Discounts | Digital Canvas Prints	Indian Culture	https://theartframer.us/product/dancers-by-the-lamp-canvas-wall-art/	25779	Dancers by the Lamp Canvas Wall Art 3×4 Feet – Floating Frame – Premium Digital Canvas Print – Living Room & Home Spiritual Wall Décor	publish
TMP-1251	All Art Prints | Deals &amp; Discounts | Digital Canvas Prints	Indian Culture	https://theartframer.us/product/dancers-in-duet-canvas-wall-art/	25840	Dancers in Duet Canvas Wall Art 3×4 Feet – Floating Frame – Premium Digital Canvas Print – Living Room & Home Spiritual Wall Décor	publish
RK - 010058-3050	All Art Prints | Deals &amp; Discounts | Digital Canvas Prints	Hindu Deities	https://theartframer.us/product/krishna-watercolor-gaze-canvas-wall-art/	25901	Krishna Watercolor Gaze Canvas Wall Art 3×4 Feet – Floating Frame – Premium Digital Canvas Print – Living Room & Home Spiritual Wall Décor	publish
TMP-1252	All Art Prints | Deals &amp; Discounts | Digital Canvas Prints	Radha Krishna	https://theartframer.us/product/radha-krishna-grove-mural-canvas-wall-art/	25962	Radha Krishna Grove Mural Canvas Wall Art 3×4 Feet – Floating Frame – Premium Digital Canvas Print – Living Room & Home Spiritual Wall Décor	publish
TMP-1253	All Art Prints | Deals &amp; Discounts | Digital Canvas Prints	Indian Culture	https://theartframer.us/product/utsava-deity-in-garlands-canvas-wall-art/	26023	Utsava Deity in Garlands Canvas Wall Art 3×4 Feet – Floating Frame – Premium Digital Canvas Print – Living Room & Home Spiritual Wall Décor	publish
TMP-1099	All Art Prints | Deals &amp; Discounts | Digital Canvas Prints	Indian Culture	https://theartframer.us/product/kerala-mural-celebration-canvas-wall-art/	26084	Kerala Mural Celebration Canvas Wall Art 3×4 Feet – Floating Frame – Premium Digital Canvas Print – Living Room & Home Spiritual Wall Décor	publish
AL 01	All Art Prints | Deals &amp; Discounts | Digital Canvas Prints	Hindu Deities	https://theartframer.us/product/tanjore-murugan-panel-canvas-wall-art/	26145	Tanjore Murugan Panel Canvas Wall Art 3×4 Feet – Floating Frame – Premium Digital Canvas Print – Living Room & Home Spiritual Wall Décor	publish
RK - 010053-5030	All Art Prints | Deals &amp; Discounts | Digital Canvas Prints	Hindu Deities	https://theartframer.us/product/krishna-in-pearl-attire-canvas-wall-art/	26206	Krishna in Pearl Attire Canvas Wall Art 3×4 Feet – Floating Frame – Premium Digital Canvas Print – Living Room & Home Spiritual Wall Décor	publish
TMP-1254	All Art Prints | Deals &amp; Discounts | Digital Canvas Prints	Hindu Deities | Tirupati Balaji	https://theartframer.us/product/balaji-garland-darshan-canvas-wall-art/	26267	Balaji Garland Darshan Canvas Wall Art 3×4 Feet – Floating Frame – Premium Digital Canvas Print – Living Room & Home Spiritual Wall Décor	publish
TMP-1255	All Art Prints | Deals &amp; Discounts | Digital Canvas Prints	Hindu Deities	https://theartframer.us/product/sri-ramanuja-golden-murti-canvas-wall-art/	26328	Sri Ramanuja Golden Murti Canvas Wall Art 3×4 Feet – Floating Frame – Premium Digital Canvas Print – Living Room & Home Spiritual Wall Décor	publish
LI - 190047-5030	All Art Prints | Deals &amp; Discounts | Digital Canvas Prints		https://theartframer.us/product/pirate-captain-sketch-canvas-wall-art/	26389	Pirate Captain Sketch Canvas Wall Art 3×4 Feet – Floating Frame – Premium Digital Canvas Print – Living Room & Home Spiritual Wall Décor	publish
LI - 190049-3050	All Art Prints | Deals &amp; Discounts | Digital Canvas Prints	Landscapes	https://theartframer.us/product/starry-city-nights-canvas-wall-art/	26450	Starry City Nights Canvas Wall Art 3×4 Feet – Floating Frame – Premium Digital Canvas Print – Living Room & Home Spiritual Wall Décor	publish
TMP-1256	All Art Prints | Deals &amp; Discounts | Digital Canvas Prints	Indian Culture	https://theartframer.us/product/floral-arch-wall-art-canvas-wall-art/	26628	Floral Arch Wall Art Canvas Wall Art 3×4 Feet – Floating Frame – Premium Digital Canvas Print – Living Room & Home Spiritual Wall Décor	publish
RK - 010056-5030	All Art Prints | Deals &amp; Discounts | Digital Canvas Prints	Radha Krishna	https://theartframer.us/product/mother-and-little-krishna-canvas-wall-art/	26690	Mother and Little Krishna Canvas Wall Art 3×4 Feet – Floating Frame – Premium Digital Canvas Print – Living Room & Home Spiritual Wall Décor	publish
LG - 020003-4030	All Art Prints | Deals &amp; Discounts | Digital Canvas Prints	Hindu Deities | Lakshmi Ganesha	https://theartframer.us/product/lakshmi-ganesha-blessing-canvas-wall-art/	26753	Lakshmi Ganesha Blessing Canvas Wall Art 3×4 Feet – Floating Frame – Premium Digital Canvas Print – Living Room & Home Spiritual Wall Décor	publish
SA - 100003-3050	All Art Prints | Deals &amp; Discounts | Digital Canvas Prints	Sikh Art	https://theartframer.us/product/golden-temple-at-dusk-canvas-wall-art/	26814	Golden Temple at Dusk Canvas Wall Art 3×4 Feet – Floating Frame – Premium Digital Canvas Print – Living Room & Home Spiritual Wall Décor	publish
HD - 080001-5030	All Art Prints | Deals &amp; Discounts | Digital Canvas Prints	Hindu Deities	https://theartframer.us/product/mahavatar-babaji-canvas-wall-art/	26875	Mahavatar Babaji Canvas Wall Art 3×4 Feet – Floating Frame – Premium Digital Canvas Print – Living Room & Home Spiritual Wall Décor	publish
SA - 100002-3050	All Art Prints | Deals &amp; Discounts | Digital Canvas Prints	Sikh Art	https://theartframer.us/product/golden-temple-daylight-canvas-wall-art/	26936	Golden Temple Daylight Canvas Wall Art 3×4 Feet – Floating Frame – Premium Digital Canvas Print – Living Room & Home Spiritual Wall Décor	publish
TMP-1103	All Art Prints | Deals &amp; Discounts | Digital Canvas Prints	Abstract Art	https://theartframer.us/product/graphite-muse-sketch-canvas-wall-art/	27017	Graphite Muse Sketch Canvas Wall Art 3×4 Feet – Floating Frame – Premium Digital Canvas Print – Living Room & Home Spiritual Wall Décor	publish
SH - 040003-3050	All Art Prints | Deals &amp; Discounts | Digital Canvas Prints	Seven Horses	https://theartframer.us/product/seven-horses-sunset-beach-canvas-wall-art/	27078	Seven Horses Sunset Beach Canvas Wall Art 3×4 Feet – Floating Frame – Premium Digital Canvas Print – Living Room & Home Spiritual Wall Décor	publish
TMP-1257	All Art Prints | Deals &amp; Discounts | Digital Canvas Prints	Abstract Art | Landscapes	https://theartframer.us/product/geometric-falls-sunrise-canvas-wall-art/	27133	Geometric Falls Sunrise Canvas Wall Art 3×4 Feet – Floating Frame – Premium Digital Canvas Print – Living Room & Home Spiritual Wall Décor	publish
TMP-1258	All Art Prints | Deals &amp; Discounts | Digital Canvas Prints	Abstract Art	https://theartframer.us/product/murmuration-at-dusk-canvas-wall-art/	27194	Murmuration at Dusk Canvas Wall Art 3×4 Feet – Floating Frame – Premium Digital Canvas Print – Living Room & Home Spiritual Wall Décor	publish
TMP-1259	All Art Prints | Deals &amp; Discounts | Digital Canvas Prints	Hindu Deities	https://theartframer.us/product/nataraja-bronze-glory-canvas-wall-art/	27264	Nataraja Bronze Glory Canvas Wall Art 3×4 Feet – Floating Frame – Premium Digital Canvas Print – Living Room & Home Spiritual Wall Décor	publish
RK - 010087-5030	All Art Prints | Deals &amp; Discounts | Digital Canvas Prints	Radha Krishna	https://theartframer.us/product/radha-krishna-on-the-branch-canvas-wall-art/	27325	Radha Krishna on the Branch Canvas Wall Art 3×4 Feet – Floating Frame – Premium Digital Canvas Print – Living Room & Home Spiritual Wall Décor	publish
TMP-1260	All Art Prints | Deals &amp; Discounts | Digital Canvas Prints	Hindu Deities	https://theartframer.us/product/krishna-minimal-splash-canvas-wall-art/	27388	Krishna Minimal Splash Canvas Wall Art 3×4 Feet – Floating Frame – Premium Digital Canvas Print – Living Room & Home Spiritual Wall Décor	publish
TMP-1261	All Art Prints | Deals &amp; Discounts | Digital Canvas Prints	Buddha	https://theartframer.us/product/buddha-offering-lotus-canvas-wall-art/	27449	Buddha Offering Lotus Canvas Wall Art 3×4 Feet – Floating Frame – Premium Digital Canvas Print – Living Room & Home Spiritual Wall Décor	publish
TMP-1262	All Art Prints | Deals &amp; Discounts | Digital Canvas Prints	Buddha	https://theartframer.us/product/cubist-buddha-visage-canvas-wall-art/	27510	Cubist Buddha Visage Canvas Wall Art 3×4 Feet – Floating Frame – Premium Digital Canvas Print – Living Room & Home Spiritual Wall Décor	publish
TMP-1263	All Art Prints | Deals &amp; Discounts | Digital Canvas Prints	Seven Horses | Wildlife	https://theartframer.us/product/two-horses-cubist-canvas-wall-art/	27572	Two Horses Cubist Canvas Wall Art 3×4 Feet – Floating Frame – Premium Digital Canvas Print – Living Room & Home Spiritual Wall Décor	publish
TMP-1264	All Art Prints | Deals &amp; Discounts | Digital Canvas Prints	Abstract Art	https://theartframer.us/product/flight-path-reverie-canvas-wall-art/	27633	Flight Path Reverie Canvas Wall Art 3×4 Feet – Floating Frame – Premium Digital Canvas Print – Living Room & Home Spiritual Wall Décor	publish
TMP-1265	All Art Prints | Deals &amp; Discounts | Digital Canvas Prints	Landscapes	https://theartframer.us/product/savanna-evening-dance-canvas-wall-art/	27695	Savanna Evening Dance Canvas Wall Art 3×4 Feet – Floating Frame – Premium Digital Canvas Print – Living Room & Home Spiritual Wall Décor	publish
TMP-1266	All Art Prints | Deals &amp; Discounts | Digital Canvas Prints	Hindu Deities	https://theartframer.us/product/krishna-and-the-monkeys-folk-canvas-wall-art/	27750	Krishna and the Monkeys Folk Canvas Wall Art 3×4 Feet – Floating Frame – Premium Digital Canvas Print – Living Room & Home Spiritual Wall Décor	publish
TMP-1267	All Art Prints | Deals &amp; Discounts | Digital Canvas Prints	Buddha	https://theartframer.us/product/buddha-among-pink-lotuses-canvas-wall-art/	27811	Buddha Among Pink Lotuses Canvas Wall Art 3×4 Feet – Floating Frame – Premium Digital Canvas Print – Living Room & Home Spiritual Wall Décor	publish
LI - 190035-4040	All Art Prints | Deals &amp; Discounts | Digital Canvas Prints	Kids Room Decor	https://theartframer.us/product/rainbow-wings-and-butterflies-canvas-wall-art/	27920	Rainbow Wings and Butterflies Canvas Wall Art 3×4 Feet – Floating Frame – Premium Digital Canvas Print – Living Room & Home Spiritual Wall Décor	publish
TMP-1268	All Art Prints | Deals &amp; Discounts | Digital Canvas Prints	Abstract Art	https://theartframer.us/product/crimson-veil-portrait-canvas-wall-art/	27981	Crimson Veil Portrait Canvas Wall Art 3×4 Feet – Floating Frame – Premium Digital Canvas Print – Living Room & Home Spiritual Wall Décor	publish
WL - 170011-4040	All Art Prints | Deals &amp; Discounts | Digital Canvas Prints	Wildlife	https://theartframer.us/product/dream-peacock-garden-canvas-wall-art/	28042	Dream Peacock Garden Canvas Wall Art 3×4 Feet – Floating Frame – Premium Digital Canvas Print – Living Room & Home Spiritual Wall Décor	publish
TMP-1269	All Art Prints | Deals &amp; Discounts | Digital Canvas Prints	Hindu Deities	https://theartframer.us/product/krishna-serene-face-canvas-wall-art/	28103	Krishna Serene Face Canvas Wall Art 3×4 Feet – Floating Frame – Premium Digital Canvas Print – Living Room & Home Spiritual Wall Décor	publish
TMP-1270	All Art Prints | Deals &amp; Discounts | Digital Canvas Prints	Indian Culture	https://theartframer.us/product/temple-bells-and-cows-canvas-wall-art/	28164	Temple Bells and Cows Canvas Wall Art 3×4 Feet – Floating Frame – Premium Digital Canvas Print – Living Room & Home Spiritual Wall Décor	publish
TMP-1271	All Art Prints | Deals &amp; Discounts | Digital Canvas Prints	Hindu Deities	https://theartframer.us/product/nandi-and-the-jyotirlingas-canvas-wall-art/	28225	Nandi and the Jyotirlingas Canvas Wall Art 3×4 Feet – Floating Frame – Premium Digital Canvas Print – Living Room & Home Spiritual Wall Décor	publish
TMP-1272	All Art Prints | Deals &amp; Discounts | Digital Canvas Prints	Hindu Deities	https://theartframer.us/product/ram-lalla-in-garlands-canvas-wall-art/	28300	Ram Lalla in Garlands Canvas Wall Art 3×4 Feet – Floating Frame – Premium Digital Canvas Print – Living Room & Home Spiritual Wall Décor	publish
TMP-1120	All Art Prints | Deals &amp; Discounts | Digital Canvas Prints	Radha Krishna	https://theartframer.us/product/raas-leela-miniature-canvas-wall-art/	28422	Raas Leela Miniature Canvas Wall Art 3×4 Feet – Floating Frame – Premium Digital Canvas Print – Living Room & Home Spiritual Wall Décor	publish
TMP-1273	All Art Prints | Deals &amp; Discounts | Digital Canvas Prints	Landscapes	https://theartframer.us/product/quiet-harbor-minimal-canvas-wall-art/	28473	Quiet Harbor Minimal Canvas Wall Art 3×4 Feet – Floating Frame – Premium Digital Canvas Print – Living Room & Home Spiritual Wall Décor	publish
TMP-1274	All Art Prints | Deals &amp; Discounts | Digital Canvas Prints	Hindu Deities	https://theartframer.us/product/kirtan-celebration-canvas-wall-art/	28534	Kirtan Celebration Canvas Wall Art 3×4 Feet – Floating Frame – Premium Digital Canvas Print – Living Room & Home Spiritual Wall Décor	publish
TMP-1123	All Art Prints | Deals &amp; Discounts | Digital Canvas Prints	Hindu Deities	https://theartframer.us/product/krishna-s-promise-canvas-wall-art/	28595	Krishna’s Promise Canvas Wall Art 3×4 Feet – Floating Frame – Premium Digital Canvas Print – Living Room & Home Spiritual Wall Décor	publish
TMP-1124	All Art Prints | Deals &amp; Discounts | Digital Canvas Prints	Radha Krishna	https://theartframer.us/product/radha-s-mirror-of-krishna-canvas-wall-art/	28656	Radha’s Mirror of Krishna Canvas Wall Art 3×4 Feet – Floating Frame – Premium Digital Canvas Print – Living Room & Home Spiritual Wall Décor	publish
TMP-1275	All Art Prints | Deals &amp; Discounts | Digital Canvas Prints	Hindu Deities	https://theartframer.us/product/vishnu-in-golden-garlands-canvas-wall-art/	28717	Vishnu in Golden Garlands Canvas Wall Art 3×4 Feet – Floating Frame – Premium Digital Canvas Print – Living Room & Home Spiritual Wall Décor	publish
TMP-1276	All Art Prints | Deals &amp; Discounts | Digital Canvas Prints	Indian Culture	https://theartframer.us/product/dancer-on-stage-canvas-wall-art/	28778	Dancer on Stage Canvas Wall Art 3×4 Feet – Floating Frame – Premium Digital Canvas Print – Living Room & Home Spiritual Wall Décor	publish
TMP-1277	All Art Prints | Deals &amp; Discounts | Digital Canvas Prints	Landscapes	https://theartframer.us/product/savanna-sunset-silhouettes-canvas-wall-art/	28839	Savanna Sunset Silhouettes Canvas Wall Art 3×4 Feet – Floating Frame – Premium Digital Canvas Print – Living Room & Home Spiritual Wall Décor	publish
RK - 010083-5030	All Art Prints | Deals &amp; Discounts | Digital Canvas Prints	Hindu Deities	https://theartframer.us/product/krishna-kadamba-melody-canvas-wall-art/	28900	Krishna Kadamba Melody Canvas Wall Art 3×4 Feet – Floating Frame – Premium Digital Canvas Print – Living Room & Home Spiritual Wall Décor	publish
TMP-1278	All Art Prints | Deals &amp; Discounts | Digital Canvas Prints	Landscapes	https://theartframer.us/product/savanna-golden-hour-canvas-wall-art/	28962	Savanna Golden Hour Canvas Wall Art 3×4 Feet – Floating Frame – Premium Digital Canvas Print – Living Room & Home Spiritual Wall Décor	publish
TMP-1279	All Art Prints | Deals &amp; Discounts | Digital Canvas Prints	Hindu Deities | Lord Shiva	https://theartframer.us/product/shiva-parivar-blessing-canvas-wall-art/	29023	Shiva Parivar Blessing Canvas Wall Art 3×4 Feet – Floating Frame – Premium Digital Canvas Print – Living Room & Home Spiritual Wall Décor	publish
TMP-1130	All Art Prints | Deals &amp; Discounts | Digital Canvas Prints	Hindu Deities | Lord Shiva	https://theartframer.us/product/shiva-of-the-ghats-canvas-wall-art/	29084	Shiva of the Ghats Canvas Wall Art 3×4 Feet – Floating Frame – Premium Digital Canvas Print – Living Room & Home Spiritual Wall Décor	publish
TMP-1280	All Art Prints | Deals &amp; Discounts | Digital Canvas Prints	Wildlife	https://theartframer.us/product/horse-studies-collage-canvas-wall-art/	29159	Horse Studies Collage Canvas Wall Art 3×4 Feet – Floating Frame – Premium Digital Canvas Print – Living Room & Home Spiritual Wall Décor	publish
TMP-1281	All Art Prints | Deals &amp; Discounts | Digital Canvas Prints	Hindu Deities	https://theartframer.us/product/vishnu-cosmic-lotus-canvas-wall-art/	29220	Vishnu Cosmic Lotus Canvas Wall Art 3×4 Feet – Floating Frame – Premium Digital Canvas Print – Living Room & Home Spiritual Wall Décor	publish
TMP-1282	All Art Prints | Deals &amp; Discounts | Digital Canvas Prints	Hindu Deities | Tirupati Balaji	https://theartframer.us/product/balaji-divine-collage-canvas-wall-art/	29281	Balaji Divine Collage Canvas Wall Art 3×4 Feet – Floating Frame – Premium Digital Canvas Print – Living Room & Home Spiritual Wall Décor	publish
TMP-1134	All Art Prints | Deals &amp; Discounts | Digital Canvas Prints	Hindu Deities	https://theartframer.us/product/kashi-vishwanath-gold-spire-canvas-wall-art/	29342	Kashi Vishwanath Gold Spire Canvas Wall Art 3×4 Feet – Floating Frame – Premium Digital Canvas Print – Living Room & Home Spiritual Wall Décor	publish
TMP-1283	All Art Prints | Deals &amp; Discounts | Digital Canvas Prints	Hindu Deities | Lakshmi Ganesha	https://theartframer.us/product/pichwai-ganesha-fountains-canvas-wall-art/	29395	Pichwai Ganesha Fountains Canvas Wall Art 3×4 Feet – Floating Frame – Premium Digital Canvas Print – Living Room & Home Spiritual Wall Décor	publish
TMP-1284	All Art Prints | Deals &amp; Discounts | Digital Canvas Prints	Indian Culture | Wildlife	https://theartframer.us/product/maratha-pride-with-lion-canvas-wall-art/	29456	Maratha Pride with Lion Canvas Wall Art 3×4 Feet – Floating Frame – Premium Digital Canvas Print – Living Room & Home Spiritual Wall Décor	publish
TMP-1285	All Art Prints | Deals &amp; Discounts | Digital Canvas Prints	Abstract Art	https://theartframer.us/product/lone-tree-between-worlds-canvas-wall-art/	29517	Lone Tree Between Worlds Canvas Wall Art 3×4 Feet – Floating Frame – Premium Digital Canvas Print – Living Room & Home Spiritual Wall Décor	publish
TMP-1286	All Art Prints | Deals &amp; Discounts | Digital Canvas Prints	Buddha	https://theartframer.us/product/twin-faces-of-serenity-canvas-wall-art/	29578	Twin Faces of Serenity Canvas Wall Art 3×4 Feet – Floating Frame – Premium Digital Canvas Print – Living Room & Home Spiritual Wall Décor	publish
TMP-1287	All Art Prints | Deals &amp; Discounts | Digital Canvas Prints	Hindu Deities	https://theartframer.us/product/mahavira-golden-shrine-canvas-wall-art/	29639	Mahavira Golden Shrine Canvas Wall Art 3×4 Feet – Floating Frame – Premium Digital Canvas Print – Living Room & Home Spiritual Wall Décor	publish
TMP-1288	All Art Prints | Deals &amp; Discounts | Digital Canvas Prints	Abstract Art	https://theartframer.us/product/folk-cows-abstract-canvas-wall-art/	29690	Folk Cows Abstract Canvas Wall Art 3×4 Feet – Floating Frame – Premium Digital Canvas Print – Living Room & Home Spiritual Wall Décor	publish
TMP-1289	All Art Prints | Deals &amp; Discounts | Digital Canvas Prints	Indian Culture	https://theartframer.us/product/sacred-cow-relief-art-canvas-wall-art/	29751	Sacred Cow Relief Art Canvas Wall Art 3×4 Feet – Floating Frame – Premium Digital Canvas Print – Living Room & Home Spiritual Wall Décor	publish
TP - 050001-4030	All Art Prints | Deals &amp; Discounts | Digital Canvas Prints	Hindu Deities | Landscapes	https://theartframer.us/product/forest-vishnu-murti-canvas-wall-art/	29829	Forest Vishnu Murti Canvas Wall Art 3×4 Feet – Floating Frame – Premium Digital Canvas Print – Living Room & Home Spiritual Wall Décor	publish
TA - 210004-5030	All Art Prints | Deals &amp; Discounts | Digital Canvas Prints	Indian Culture	https://theartframer.us/product/ganga-aarti-flame-canvas-wall-art/	29890	Ganga Aarti Flame Canvas Wall Art 3×4 Feet – Floating Frame – Premium Digital Canvas Print – Living Room & Home Spiritual Wall Décor	publish
LG - 020002-4030	All Art Prints | Deals &amp; Discounts | Digital Canvas Prints	Hindu Deities | Lakshmi Ganesha	https://theartframer.us/product/lakshmi-ganesha-throne-canvas-wall-art/	29951	Lakshmi Ganesha Throne Canvas Wall Art 3×4 Feet – Floating Frame – Premium Digital Canvas Print – Living Room & Home Spiritual Wall Décor	publish
TMP-1142	All Art Prints | Deals &amp; Discounts | Digital Canvas Prints	Radha Krishna	https://theartframer.us/product/devotion-in-color-mist-canvas-wall-art/	30032	Devotion in Color Mist Canvas Wall Art 3×4 Feet – Floating Frame – Premium Digital Canvas Print – Living Room & Home Spiritual Wall Décor	publish
TMP-1290	All Art Prints | Deals &amp; Discounts | Digital Canvas Prints	Seven Horses	https://theartframer.us/product/horses-of-the-dust-plains-canvas-wall-art/	30093	Horses of the Dust Plains Canvas Wall Art 3×4 Feet – Floating Frame – Premium Digital Canvas Print – Living Room & Home Spiritual Wall Décor	publish
TMP-1291	All Art Prints | Deals &amp; Discounts | Digital Canvas Prints	Hindu Deities | Lakshmi Ganesha	https://theartframer.us/product/ganesha-dawn-silhouette-canvas-wall-art/	30154	Ganesha Dawn Silhouette Canvas Wall Art 3×4 Feet – Floating Frame – Premium Digital Canvas Print – Living Room & Home Spiritual Wall Décor	publish
HD - 080016-4030	All Art Prints | Deals &amp; Discounts | Digital Canvas Prints	Hindu Deities	https://theartframer.us/product/devi-in-white-on-lotus-canvas-wall-art/	30215	Devi in White on Lotus Canvas Wall Art 3×4 Feet – Floating Frame – Premium Digital Canvas Print – Living Room & Home Spiritual Wall Décor	publish
TMP-1292	All Art Prints | Deals &amp; Discounts | Digital Canvas Prints	Abstract Art	https://theartframer.us/product/red-sun-winter-tree-canvas-wall-art/	30276	Red Sun Winter Tree Canvas Wall Art 3×4 Feet – Floating Frame – Premium Digital Canvas Print – Living Room & Home Spiritual Wall Décor	publish
TMP-1293	All Art Prints | Deals &amp; Discounts | Digital Canvas Prints	Hindu Deities | Lord Shiva	https://theartframer.us/product/shiva-parivar-in-clouds-canvas-wall-art/	30338	Shiva Parivar in Clouds Canvas Wall Art 3×4 Feet – Floating Frame – Premium Digital Canvas Print – Living Room & Home Spiritual Wall Décor	publish
TMP-1147	All Art Prints | Deals &amp; Discounts | Digital Canvas Prints	Hindu Deities	https://theartframer.us/product/krishna-s-temple-gardens-canvas-wall-art/	30409	Krishna’s Temple Gardens Canvas Wall Art 3×4 Feet – Floating Frame – Premium Digital Canvas Print – Living Room & Home Spiritual Wall Décor	publish
RK - 010088-5030	All Art Prints | Deals &amp; Discounts | Digital Canvas Prints	Radha Krishna	https://theartframer.us/product/moonlit-lotus-radha-canvas-wall-art/	30470	Moonlit Lotus Radha Canvas Wall Art 3×4 Feet – Floating Frame – Premium Digital Canvas Print – Living Room & Home Spiritual Wall Décor	publish
LS - 030017-4030	All Art Prints | Deals &amp; Discounts | Digital Canvas Prints	Hindu Deities | Lord Shiva | Wildlife	https://theartframer.us/product/shiva-parivar-with-lion-canvas-wall-art/	30531	Shiva Parivar with Lion Canvas Wall Art 3×4 Feet – Floating Frame – Premium Digital Canvas Print – Living Room & Home Spiritual Wall Décor	publish
RK - 010050-5030	All Art Prints | Deals &amp; Discounts | Digital Canvas Prints	Hindu Deities	https://theartframer.us/product/krishna-floral-halo-canvas-wall-art/	30592	Krishna Floral Halo Canvas Wall Art 3×4 Feet – Floating Frame – Premium Digital Canvas Print – Living Room & Home Spiritual Wall Décor	publish
RK - 010085-5030	All Art Prints | Deals &amp; Discounts | Digital Canvas Prints	Hindu Deities | Wildlife	https://theartframer.us/product/krishna-peacock-serenade-canvas-wall-art/	30653	Krishna Peacock Serenade Canvas Wall Art 3×4 Feet – Floating Frame – Premium Digital Canvas Print – Living Room & Home Spiritual Wall Décor	publish
TMP-1148	All Art Prints | Deals &amp; Discounts | Digital Canvas Prints	Hindu Deities	https://theartframer.us/product/krishna-sudama-friendship-canvas-wall-art/	30714	Krishna Sudama Friendship Canvas Wall Art 3×4 Feet – Floating Frame – Premium Digital Canvas Print – Living Room & Home Spiritual Wall Décor	publish
TMP-1294	All Art Prints | Deals &amp; Discounts | Digital Canvas Prints	Abstract Art	https://theartframer.us/product/marigold-dreams-portrait-canvas-wall-art/	30775	Marigold Dreams Portrait Canvas Wall Art 3×4 Feet – Floating Frame – Premium Digital Canvas Print – Living Room & Home Spiritual Wall Décor	publish
TMP-1295	All Art Prints | Deals &amp; Discounts | Digital Canvas Prints	Indian Culture | Wildlife	https://theartframer.us/product/veena-player-with-peacock-canvas-wall-art/	30836	Veena Player with Peacock Canvas Wall Art 3×4 Feet – Floating Frame – Premium Digital Canvas Print – Living Room & Home Spiritual Wall Décor	publish
TMP-1296	All Art Prints | Deals &amp; Discounts | Digital Canvas Prints	Hindu Deities | Tirupati Balaji	https://theartframer.us/product/balaji-heritage-collage-canvas-wall-art/	30905	Balaji Heritage Collage Canvas Wall Art 3×4 Feet – Floating Frame – Premium Digital Canvas Print – Living Room & Home Spiritual Wall Décor	publish
TMP-1297	All Art Prints | Deals &amp; Discounts | Digital Canvas Prints	Hindu Deities	https://theartframer.us/product/vishnu-on-shesha-canvas-wall-art/	30966	Vishnu on Shesha Canvas Wall Art 3×4 Feet – Floating Frame – Premium Digital Canvas Print – Living Room & Home Spiritual Wall Décor	publish
TMP-1153	All Art Prints | Deals &amp; Discounts | Digital Canvas Prints	Radha Krishna	https://theartframer.us/product/radha-krishna-graphite-duet-canvas-wall-art/	31027	Radha Krishna Graphite Duet Canvas Wall Art 3×4 Feet – Floating Frame – Premium Digital Canvas Print – Living Room & Home Spiritual Wall Décor	publish
TMP-1298	All Art Prints | Deals &amp; Discounts | Digital Canvas Prints	Hindu Deities	https://theartframer.us/product/vaikuntha-celestial-court-canvas-wall-art/	31088	Vaikuntha Celestial Court Canvas Wall Art 3×4 Feet – Floating Frame – Premium Digital Canvas Print – Living Room & Home Spiritual Wall Décor	publish
TMP-1299	All Art Prints | Deals &amp; Discounts | Digital Canvas Prints	Hindu Deities | Lord Shiva	https://theartframer.us/product/shiva-family-harmony-canvas-wall-art/	31150	Shiva Family Harmony Canvas Wall Art 3×4 Feet – Floating Frame – Premium Digital Canvas Print – Living Room & Home Spiritual Wall Décor	publish
TMP-1300	All Art Prints | Deals &amp; Discounts | Digital Canvas Prints	Radha Krishna	https://theartframer.us/product/radha-krishna-jeweled-duet-canvas-wall-art/	31212	Radha Krishna Jeweled Duet Canvas Wall Art 3×4 Feet – Floating Frame – Premium Digital Canvas Print – Living Room & Home Spiritual Wall Décor	publish
TMP-1301	All Art Prints | Deals &amp; Discounts | Digital Canvas Prints	Landscapes	https://theartframer.us/product/palace-in-the-grove-canvas-wall-art/	31273	Palace in the Grove Canvas Wall Art 3×4 Feet – Floating Frame – Premium Digital Canvas Print – Living Room & Home Spiritual Wall Décor	publish
RK - 010086-5030	All Art Prints | Deals &amp; Discounts | Digital Canvas Prints	Radha Krishna	https://theartframer.us/product/radha-in-bridal-blooms-canvas-wall-art/	31334	Radha in Bridal Blooms Canvas Wall Art 3×4 Feet – Floating Frame – Premium Digital Canvas Print – Living Room & Home Spiritual Wall Décor	publish
TMP-1302	All Art Prints | Deals &amp; Discounts | Digital Canvas Prints	Hindu Deities | Lord Shiva	https://theartframer.us/product/shiva-smoke-and-trident-canvas-wall-art/	31395	Shiva Smoke and Trident Canvas Wall Art 3×4 Feet – Floating Frame – Premium Digital Canvas Print – Living Room & Home Spiritual Wall Décor	publish
TMP-1303	All Art Prints | Deals &amp; Discounts | Digital Canvas Prints	Abstract Art | Hindu Deities | Tirupati Balaji	https://theartframer.us/product/balaji-abstract-gold-canvas-wall-art/	31456	Balaji Abstract Gold Canvas Wall Art 3×4 Feet – Floating Frame – Premium Digital Canvas Print – Living Room & Home Spiritual Wall Décor	publish
TMP-1304	All Art Prints | Deals &amp; Discounts | Digital Canvas Prints	Hindu Deities	https://theartframer.us/product/krishna-cowherd-modern-art-canvas-wall-art/	31527	Krishna Cowherd Modern Art Canvas Wall Art 3×4 Feet – Floating Frame – Premium Digital Canvas Print – Living Room & Home Spiritual Wall Décor	publish
TMP-1305	All Art Prints | Deals &amp; Discounts | Digital Canvas Prints	Hindu Deities	https://theartframer.us/product/kodanda-rama-utsavam-canvas-wall-art/	31588	Kodanda Rama Utsavam Canvas Wall Art 3×4 Feet – Floating Frame – Premium Digital Canvas Print – Living Room & Home Spiritual Wall Décor	publish
TA - 210003-3060	All Art Prints | Deals &amp; Discounts | Digital Canvas Prints	Landscapes	https://theartframer.us/product/varanasi-teal-poster-canvas-wall-art/	31713	Varanasi Teal Poster Canvas Wall Art 3×4 Feet – Floating Frame – Premium Digital Canvas Print – Living Room & Home Spiritual Wall Décor	publish
RK - 010018-3050	All Art Prints | Deals &amp; Discounts | Digital Canvas Prints	Radha Krishna	https://theartframer.us/product/radha-krishna-mosaic-art-canvas-wall-art/	31772	Radha Krishna Mosaic Art Canvas Wall Art 3×4 Feet – Floating Frame – Premium Digital Canvas Print – Living Room & Home Spiritual Wall Décor	publish
RK - 010033-3050	All Art Prints | Deals &amp; Discounts | Digital Canvas Prints	Hindu Deities	https://theartframer.us/product/krishna-flute-panorama-canvas-wall-art/	31829	Krishna Flute Panorama Canvas Wall Art 3×4 Feet – Floating Frame – Premium Digital Canvas Print – Living Room & Home Spiritual Wall Décor	publish
TP - 050013-5030	All Art Prints | Deals &amp; Discounts | Digital Canvas Prints	Hindu Deities	https://theartframer.us/product/lord-vishnu-golden-halo-canvas-wall-art/	31890	Lord Vishnu Golden Halo Canvas Wall Art 3×4 Feet – Floating Frame – Premium Digital Canvas Print – Living Room & Home Spiritual Wall Décor	publish
TMP-1162	All Art Prints | Deals &amp; Discounts | Personalised Prints		https://theartframer.us/product/the-golden-sardar-gold-foiled-uv-canvas-art-3x4-feet/	33278	The Golden Sardar Canvas Wall Art 3×4 Feet	publish
TMP-1163	All Art Prints | Deals &amp; Discounts | Personalised Prints		https://theartframer.us/product/namaste-henna-hands-gold-foiled-uv-canvas-art-3x5-feet/	33285	Namaste Henna Hands Canvas Wall Art 3×5 Feet	publish
TMP-1164	All Art Prints | Deals &amp; Discounts | Personalised Prints		https://theartframer.us/product/rhythm-in-orange-gold-foiled-uv-canvas-art-3x2-feet/	33291	Rhythm In Orange Canvas Wall Art 3×4 Feet	publish
TMP-1165	All Art Prints | Deals &amp; Discounts | Personalised Prints	Indian Culture	https://theartframer.us/product/classical-dance-duo-portrait-gold-foiled-uv-canvas-art-3x4-feet/	33292	Classical Dance Duo Portrait Canvas Wall Art 3×4 Feet	publish
TMP-1166	All Art Prints | Deals &amp; Discounts | Personalised Prints		https://theartframer.us/product/dance-duet-on-stage-gold-foiled-uv-canvas-art-3x4-feet/	33294	Dance Duet On Stage Canvas Wall Art 3×4 Feet	publish
TMP-1167	All Art Prints | Deals &amp; Discounts | Personalised Prints		https://theartframer.us/product/dance-portrait-showcase-gold-foiled-uv-canvas-art-3x4-feet/	33296	Dance Portrait Showcase Canvas Wall Art 3×4 Feet	publish
TMP-1168	All Art Prints | Deals &amp; Discounts | Personalised Prints		https://theartframer.us/product/dancer-with-temple-lamp-gold-foiled-uv-canvas-art-3x2-feet/	33298	Dancer With Temple Lamp Canvas Wall Art 4×3 Feet	publish
TMP-1169	All Art Prints | Deals &amp; Discounts | Personalised Prints		https://theartframer.us/product/dancers-with-their-portrait-gold-foiled-uv-canvas-art-3x4-feet/	33300	Dancers With Their Portrait Canvas Wall Art 3×4 Feet	publish
TMP-1170	All Art Prints | Deals &amp; Discounts | Personalised Prints		https://theartframer.us/product/sunset-shore-dance-duet-gold-foiled-uv-canvas-art-3x2-feet/	33302	Sunset Shore Dance Duet Canvas Wall Art 4×3 Feet	publish
TMP-1171	All Art Prints | Corporate Printing | Deals &amp; Discounts		https://theartframer.us/product/a5-flyer-printing-full-colour-double-sided-leaflets-for-promotions-and-product-launches/	33420	A5 Flyer Printing | Full-Colour Double-Sided Leaflets for Promotions and Product Launches	publish
TMP-1172	All Art Prints | Corporate Printing | Deals &amp; Discounts		https://theartframer.us/product/birthday-banner-standee-with-stand-personalised-celebration-roll-up-display/	33422	Birthday Banner Standee with Stand | Personalised Celebration Roll-Up Display	publish
TMP-1173	All Art Prints | Corporate Printing | Deals &amp; Discounts		https://theartframer.us/product/grand-opening-roll-up-banner-branded-pull-up-display-for-store-launches-and-openings/	33423	Grand Opening Roll-Up Banner | Branded Pull-Up Display for Store Launches and Openings	publish
TMP-1174	All Art Prints | Corporate Printing | Deals &amp; Discounts		https://theartframer.us/product/waterproof-vinyl-stickers-kiss-cut-labels-custom-brand-decals-in-any-shape/	33424	Waterproof Vinyl Stickers & Kiss-Cut Labels | Custom Brand Decals in Any Shape	publish
TMP-1175	All Art Prints | Corporate Printing | Deals &amp; Discounts		https://theartframer.us/product/hanging-event-banners-large-format-ceiling-and-pole-banners-for-arenas-and-venues/	33426	Hanging Event Banners | Large-Format Ceiling and Pole Banners for Arenas and Venues	publish
TMP-1176	All Art Prints | Corporate Printing | Deals &amp; Discounts		https://theartframer.us/product/step-and-repeat-media-wall-branded-photo-backdrop-for-press-events-and-exhibitions/	33428	Step-and-Repeat Media Wall | Branded Photo Backdrop for Press, Events and Exhibitions	publish
TMP-1177	All Art Prints | Corporate Printing | Deals &amp; Discounts		https://theartframer.us/product/personalised-wedding-backdrop-printed-fabric-photo-wall-for-receptions-and-showers/	33430	Personalised Wedding Backdrop | Printed Fabric Photo Wall for Receptions and Showers	publish
TMP-1178	All Art Prints | Corporate Printing | Deals &amp; Discounts		https://theartframer.us/product/acrylic-qr-wi-fi-display-stand-printed-counter-sign-for-reviews-socials-and-guest-wi-fi/	33432	Acrylic QR & Wi-Fi Display Stand | Printed Counter Sign for Reviews, Socials and Guest Wi-Fi	publish
TMP-1179	All Art Prints | Corporate Printing | Deals &amp; Discounts		https://theartframer.us/product/membership-loyalty-cards-premium-printed-cards-with-foil-numbering-and-barcodes/	33434	Membership & Loyalty Cards | Premium Printed Cards with Foil, Numbering and Barcodes	publish
TMP-1180	All Art Prints | Corporate Printing | Deals &amp; Discounts		https://theartframer.us/product/presentation-folders-envelopes-branded-corporate-document-folders-with-foil-detail/	33436	Presentation Folders & Envelopes | Branded Corporate Document Folders with Foil Detail	publish
TMP-1181	All Art Prints | Corporate Printing | Deals &amp; Discounts		https://theartframer.us/product/bridal-shower-backdrop-tapestry-printed-fabric-banner-with-calligraphy-and-botanical-art/	33437	Bridal Shower Backdrop Tapestry | Printed Fabric Banner with Calligraphy and Botanical Art	publish
TMP-1182	All Art Prints | Corporate Printing | Deals &amp; Discounts		https://theartframer.us/product/ethnic-print-jute-tote-bag-reusable-branded-shopper-with-contrast-handles/	33439	Ethnic Print Jute Tote Bag | Reusable Branded Shopper with Contrast Handles	publish
TMP-1183	All Art Prints | Corporate Printing | Deals &amp; Discounts		https://theartframer.us/product/gold-foil-business-cards-heavyweight-cards-with-metallic-foil-stamping/	33440	Gold Foil Business Cards | Heavyweight Cards with Metallic Foil Stamping	publish
TMP-1184	All Art Prints | Corporate Printing | Deals &amp; Discounts		https://theartframer.us/product/outdoor-pylon-business-sign-freestanding-post-mounted-signage-for-premises-and-forecourts/	33442	Outdoor Pylon Business Sign | Freestanding Post-Mounted Signage for Premises and Forecourts	publish
TMP-1185	All Art Prints | Corporate Printing | Deals &amp; Discounts		https://theartframer.us/product/exhibition-table-cover-banner-set-coordinated-trade-stand-package-for-conferences/	33443	Exhibition Table Cover & Banner Set | Coordinated Trade-Stand Package for Conferences	publish
TMP-1186	All Art Prints | Corporate Printing | Deals &amp; Discounts		https://theartframer.us/product/full-colour-commercial-printing-brochures-folders-cards-and-corporate-collateral/	33444	Full-Colour Commercial Printing | Brochures, Folders, Cards and Corporate Collateral	publish
TMP-1187	All Art Prints | Corporate Printing | Deals &amp; Discounts		https://theartframer.us/product/led-light-box-sign-illuminated-shopfront-and-reception-display/	33445	LED Light Box Sign | Illuminated Shopfront and Reception Display	publish
TMP-1188	All Art Prints | Corporate Printing | Deals &amp; Discounts		https://theartframer.us/product/printed-table-cloths-full-colour-branded-covers-for-events-and-trade-stands/	33446	Printed Table Cloths | Full-Colour Branded Covers for Events and Trade Stands	publish
TMP-1189	All Art Prints | Corporate Printing | Deals &amp; Discounts		https://theartframer.us/product/marketing-print-pack-complete-business-collateral-set-for-campaigns-and-mailings/	33447	Marketing Print Pack | Complete Business Collateral Set for Campaigns and Mailings	publish
TMP-1190	All Art Prints | Corporate Printing | Deals &amp; Discounts		https://theartframer.us/product/personalised-logo-jute-tote-bag-branded-corporate-gift-and-event-giveaway/	33448	Personalised Logo Jute Tote Bag | Branded Corporate Gift and Event Giveaway	publish
TMP-1191	All Art Prints | Corporate Printing | Deals &amp; Discounts		https://theartframer.us/product/foil-stamped-training-certificates-personalised-award-and-completion-certificates/	33449	Foil-Stamped Training Certificates | Personalised Award and Completion Certificates	publish
TMP-1192	All Art Prints | Corporate Printing | Deals &amp; Discounts		https://theartframer.us/product/raised-foil-loyalty-cards-soft-touch-black-cards-with-metallic-raised-print/	33450	Raised Foil Loyalty Cards | Soft-Touch Black Cards with Metallic Raised Print	publish
TMP-1193	All Art Prints | Corporate Printing | Deals &amp; Discounts		https://theartframer.us/product/roll-up-banner-display-set-multiple-coordinated-pull-up-banners-for-corridors-and-foyers/	33451	Roll-Up Banner Display Set | Multiple Coordinated Pull-Up Banners for Corridors and Foyers	publish
TMP-1194	All Art Prints | Corporate Printing | Deals &amp; Discounts		https://theartframer.us/product/line-art-canvas-tote-bags-minimal-printed-cotton-shoppers-for-retail-and-gifting/	33452	Line Art Canvas Tote Bags | Minimal Printed Cotton Shoppers for Retail and Gifting	publish
TMP-1195	All Art Prints | Corporate Printing | Deals &amp; Discounts		https://theartframer.us/product/projecting-shop-sign-double-sided-bracket-sign-for-storefronts-and-walkways/	33454	Projecting Shop Sign | Double-Sided Bracket Sign for Storefronts and Walkways	publish
TMP-1196	All Art Prints | Corporate Printing | Deals &amp; Discounts		https://theartframer.us/product/custom-vinyl-store-banner-heavy-duty-weatherproof-pvc-advertising-banner/	33455	Custom Vinyl Store Banner | Heavy-Duty Weatherproof PVC Advertising Banner	publish
TMP-1197	All Art Prints | Corporate Printing | Deals &amp; Discounts		https://theartframer.us/product/exhibition-booth-table-backdrop-complete-branded-stand-package-for-conferences/	33456	Exhibition Booth Table & Backdrop | Complete Branded Stand Package for Conferences	publish
TMP-1198	All Art Prints | Corporate Printing | Deals &amp; Discounts		https://theartframer.us/product/wayfinding-directional-signs-interior-and-exterior-navigation-signage-systems/	33458	Wayfinding & Directional Signs | Interior and Exterior Navigation Signage Systems	publish
TMP-1199	All Art Prints | Corporate Printing | Deals &amp; Discounts		https://theartframer.us/product/weatherproof-outdoor-poster-stand-lockable-forecourt-display-for-retail-promotions/	33459	Weatherproof Outdoor Poster Stand | Lockable Forecourt Display for Retail Promotions	publish
TMP-1200	All Art Prints | Corporate Printing | Deals &amp; Discounts		https://theartframer.us/product/personalised-welcome-standee-printed-event-sign-for-birthdays-weddings-and-receptions/	33461	Personalised Welcome Standee | Printed Event Sign for Birthdays, Weddings and Receptions	publish
TMP-1201	All Art Prints | Corporate Printing | Deals &amp; Discounts		https://theartframer.us/product/round-business-cards-custom-die-cut-circular-cards-with-qr-and-foil-options/	33462	Round Business Cards | Custom Die-Cut Circular Cards with QR and Foil Options	publish
TMP-1202	All Art Prints | Corporate Printing | Deals &amp; Discounts		https://theartframer.us/product/custom-certificate-printing-foil-and-embossed-certificates-on-premium-stock/	33463	Custom Certificate Printing | Foil and Embossed Certificates on Premium Stock	publish
TMP-1203	All Art Prints | Corporate Printing | Deals &amp; Discounts		https://theartframer.us/product/heat-transfer-jute-tote-bags-named-favour-bags-with-bamboo-handles-for-events/	33464	Heat Transfer Jute Tote Bags | Named Favour Bags with Bamboo Handles for Events	publish
