"product_id","new_art_code","current_art_code","title","why"
"16566","LC 09","LS 09","Whimsical Train Journey Canvas Wall Art 3×4","book LC 09 is the whimsical train through blooming meadows"
"23374","LI - 190033","LR 32","Moonlit White Horse Canvas Wall Art 3×4 Feet","the white horse before a full moon in gold leaf. This row first said LI 32, one page short. Frees LI 32 for #13473"
"27133","NONE","LC - 140001-3050","Geometric Falls Sunrise Canvas Wall Art 3×4","OVERTURNS the earlier row in this file, which read ""book LC 01 is the flowing waterfall"" and moved this product from LS 01 onto LC 01. It is not the waterfall. The picture is a geometric mountain landscape in flat panels of blue, orange, green and white with a small orange tree and a sun disc; LC 01 is a naturalistic green forest waterfall over mossy rocks. That row was written from the title and the page number, before any LC contact sheet existed. No page yet holds it: Abstract Art's geometric pages were checked (AA 05 two cubist faces, AA 07 a golden tree over grey blocks, AA 10 a tree against a split moon, AA 12 Japanese layered hills, AA 13 terracotta shapes), as were LC 10 and all four Vaastu pages"
"13722","LC 02","LS 02","Stairway to the Moon Canvas Wall Art 3×4 Fee","book LC 02 is the pathway towards a celestial entity"
"18897","AA - 200009","LC - 140003-4030","Surreal Landscape Canvas Wall Art 3×4 Feet –","OVERTURNS the earlier row in this file, which read ""book LC 03 is the misty cliffs over calm waters"" and moved this product from LS 03 onto LC 03. AA 09 is the exact painting — the same floating bowl of cracked earth, the same bare tree leaning off its right rim, the same lone figure walking the inner curve, the same sun burning through ochre cloud, the same reflection pool below. LC 03 is a Japanese-style scene of teal cliffs and a white sun on orange. Both are 'surreal landscapes' by title and neither is the other; AA 09's own caption reads ""Where imagination defies gravity"", which is the picture exactly. AA 09 carries no product today"
"23496","CO-240013-3020","TMP-1307","Mahayogi Tanjore Panel Canvas Wall Art 3x4 F","owner, 1 Oct: the Personal Pic folder (Final Edited Photos > Based on Excel Sheet > Personal Pic), now 25 pictures, files this picture as CO-240013-3020. Matched by picture: 304 matching points with the file, the Mahayogi panel, with the word Mahayogi at its foot. Replaces the 26 Sep NONE row, which cleared AL-05 (the Master Brochure has no AL section) so it would take a temporary code: it has its own code now. CO codes are outside the art-code book, like AC and CP, so every pass leaves them as written and the SKU is the code."
"23435","CO-240015-3020","TMP-1306","Andal with Parrot Tanjore Canvas Wall Art 3x","owner, 1 Oct: the Personal Pic folder (Final Edited Photos > Based on Excel Sheet > Personal Pic), now 25 pictures, files this picture as CO-240015-3020. Matched by picture: 257 matching points with the file, Andal in a green sari. Replaces the 26 Sep NONE row, which cleared AL-06 (the Master Brochure has no AL section) so it would take a temporary code: it has its own code now. CO codes are outside the art-code book, like AC and CP, so every pass leaves them as written and the SKU is the code."
"26145","CO-240016-3020","TMP-1308","Tanjore Murugan Panel Canvas Wall Art 3x4 Fe","owner, 1 Oct: the Personal Pic folder (Final Edited Photos > Based on Excel Sheet > Personal Pic), now 25 pictures, files this picture as CO-240016-3020. Matched by picture: 339 matching points with the file, the Tanjore deity holding a stringed instrument. Replaces the 26 Sep NONE row, which cleared AL-01 (the Master Brochure has no AL section) so it would take a temporary code: it has its own code now. CO codes are outside the art-code book, like AC and CP, so every pass leaves them as written and the SKU is the code."
"7839","LB 01","LB 03","Buddha Lotus Serenity Canvas Wall Art 36×60","LB 01 is the pastel Buddha in a lotus pond — this exact artwork"
"17472","HD - 080010","LB 13","Monks Before the Golden Idol","the monks in orange robes before a radiant golden idol in a lantern-lit temple. This row first said HD 09 and that was one page short: HD 09 is Surya Dev standing above seven white horses, and HD 10 is this picture. Corrected here rather than by a second row, so the file never holds two answers for one product"
"16932","LB 13","LB 06","Buddha Enlightenment Scene Canvas Wall Art 3","LB 13 is Mahavira's enlightenment on a golden throne — this exact artwork"
"220","SHARE:LB 01","NONE","Serene Buddha with Lotus Canvas Wall Art 4×3","superseding my own clear, which called it ""a room mockup of the LB 01 artwork, not a picture in the book"" - and that reasoning contradicts the rule I applied to #229 and #8474, where a room mockup and a crop of one painting were ruled two listings of it. A mockup showing artwork X is a listing of artwork X. It is LB 01: the seated Buddha on pale water with peach and pink lotuses and his reflection. SHARE because another listing may already hold LB 01"
"25124","LB-090015-3050","TMP-1245","Cosmic Buddha Nebula Canvas Wall Art 3x4 Fee","owner, 1 Oct: ""i made some changes in the canva please reverify it"". Its picture is Canva page 223, LB-090015-3050: the Buddha in a glowing red cosmic aura among planets. Matched by picture: 130 matching points. Replaces the NONE row: the page this picture is on was added to the brochure on 1 Oct."
"26875","HD 01","NONE","Mahavatar Babaji Canvas Wall Art 3×4 Feet –","superseding my own clear, which said no Buddha page shows it. True, and beside the point: it is HD 01 - the bare-chested figure with long dark hair seated cross-legged in meditation, hands resting in the lap, a saffron cloth around the legs, on a dark brown ground. Hindu Deities was only part-read when I cleared it against Buddha"
"27449","NONE","SA 01","Buddha Offering Lotus Canvas Wall Art 3×4 Fe","blue Buddha with bowl — no LB page in the book shows it"
"27510","NONE","LB 09","Cubist Buddha Visage Canvas Wall Art 3×4 Fee","cubist Buddha face — no LB page in the book shows it"
"20087","SH - 040015","NONE","Seven Horses Green Meadow Canvas Wall Art","found by the no-code sweep. Cleared off TA 03, a Varanasi page, and homeless since. SH 15 is this painting: the same seven horses modelled in white relief, the same pale sun, the same sculpted cloud masses left and right with the blue cluster behind the right one, the same gold cracked texture at the top left, the same green grass band and gold flecks along the bottom"
"30093","NONE","SH 05","Seven Horses Dust Charge Canvas Wall Art","re-checked against every Seven Horses page from the nocode sheet, the three the section gained included: a sepia herd of brown, grey and white horses in dust on plain cream, matching none of them. Also NOT the same painting as #22016, which was cleared off AA 06 and looks like it at a glance: same series, but #22016 carries bright orange, red and blue splashes this one does not"
"24352","LS - 030016","NONE","Shiva Parvati on Kailash Canvas Wall Art","found by the no-code sweep; it had been cleared off SH 07. LS 16 is this painting: Shiva glowing blue and Parvati glowing gold seated together on the same snowy peak, her head on his shoulder and her hand cupped the same way, the same dark Nandi lying at the right and the same small stone cairn at the lower right. The product's stored image is a landscape crop of the page's portrait composition - it loses the moon and some height and adds nothing, which is what a crop does"
"8597","SHARE: AC-230008-0000","TMP-1215","Professional Cotton Canvas Roll for Artists","an accessory, in the website's Canvas Roll category. Canva's Art Accessories Collection page AC-230008-0000 (added 29 Sep) is that category's page. The owner chose (29 Sep) to give each accessory its category page's code, since the page shows the category, not one product's picture. Shares the code with the other products of the category; the SKU letter keeps their SKUs apart."
"8591","SHARE: AC-230008-0000","TMP-1214","Premium Canvas Roll For Printing– High-Quali","an accessory, in the website's Canvas Roll category. Canva's Art Accessories Collection page AC-230008-0000 (added 29 Sep) is that category's page. The owner chose (29 Sep) to give each accessory its category page's code, since the page shows the category, not one product's picture. Shares the code with the other products of the category; the SKU letter keeps their SKUs apart."
"8582","SHARE: AC-230007-0000","TMP-1211","Framed White Canvas Wall Art – Premium Blank","an accessory, in the website's Framed White Canvas category. Canva's Art Accessories Collection page AC-230007-0000 (added 29 Sep) is that category's page. The owner chose (29 Sep) to give each accessory its category page's code, since the page shows the category, not one product's picture. Shares the code with the other products of the category; the SKU letter keeps their SKUs apart."
"8447","SHARE: AC-230003-0000","TMP-1209","Large Square Canvas Wall Art 4x4 ft | Custom","an accessory, in the website's Frame Sizes category. Canva's Art Accessories Collection page AC-230003-0000 (added 29 Sep) is that category's page. The owner chose (29 Sep) to give each accessory its category page's code, since the page shows the category, not one product's picture. Shares the code with the other products of the category; the SKU letter keeps their SKUs apart."
"8853","SHARE: AC-230004-0000","TMP-1217","Luxury Premium Matte Black Floating Frame fo","an accessory, in the website's Frame Colour category. Canva's Art Accessories Collection page AC-230004-0000 (added 29 Sep) is that category's page. The owner chose (29 Sep) to give each accessory its category page's code, since the page shows the category, not one product's picture. Shares the code with the other products of the category; the SKU letter keeps their SKUs apart."
"8869","NONE","LS 08","Modern Living Room Wall Decor Canvas Set","a three-panel decor bundle, not a single artwork — and LS 08 is the cubist Shiva family with Nandi, which is #16993"
"8711","NONE","TA 04","Personalized Family Photo Collage Canvas Print","a made-to-order print of the customer's own photographs, not an artwork in the book"
"28164","NONE","TP 03","Temple Bells and Cows Canvas Wall Art","brass temple bells above white cows on a red wall — none of the fifteen Tirupati pages shows it, and TP 03 is the Ram and Sita wedding, which is #18666"
"20288","LI 05","LR 05","Holy Family Stained Glass","LI 05 is this exact artwork - the stained-glass Holy Family in blue robes with gold halos. Cleared in error in PR #186: LR 05 was wrong, but 'not in the sections read so far' was treated as 'not in the book'"
"16762","LI 08","LR 08","Crucifixion Scene","LI 08 is this exact artwork - the black crucifix silhouette against a magenta sun over a forest with birds. Cleared in error in PR #186, before the Living Room section had been read"
"21832","LI - 190012","LR 09","Divine Mercy Radiance","found by the Living Room finish. The clear was right and is now completed: this was correctly ruled out against the Christian run LI 05-LI 11, but the book has since GAINED LI 12, and LI 12 is the Divine Mercy image itself. Same cream-and-pale-blue mosaic ground, same right hand raised in blessing, same left hand on the chest, same small dark cross above the red heart, same red ray to the left and pale green ray to the right, same dissolve at the hem. The page render reads paler only because the mockup wall light desaturates it"
"16035","LI 09","LR 09","Sacred Heart of Jesus","LI 09 is this exact artwork - Jesus with the golden radiant halo and rays from the heart on a dark textured ground. Cleared in error in PR #186, before the Living Room section had been read"
"30531","LS - 030017","NONE","Shiva Parivar with Lion","found by the no-code sweep; it had been cleared off LR 03. LS 17 is this painting and the match is whole: Shiva seated at the left with Parvati in the green sari at the right, Kartikeya as a child in front, Ganesha at the right, Nandi at the left, the lion at the right, the peacock below, the hanging bells above and the snow peaks behind. LS 17 is the section's only family page and three products stranded on untranslatable codes had been held against it before without settling it - none of them is this"
"19944","LI - 190048","LR 03","Green Leafy Plants Art","found by the Living Room finish. The clear off LR 03 was right and this completes it: LI 48 is this painting. The same flat-graphic jungle - the same pale cream ellipse with a black stem crossing it, the same dark fan palm at the top left, the same pale ginkgo fan at the top right, the same broad dark leaves at mid-left, the same tall black and pale-green verticals"
"7825","HD - 080012","NONE","Panchmukhi Hanuman","the five-faced Panchmukhi Hanuman in an ornate arch with lions, which is HD 12. This row first said HD 11 — that page is Hanuman seated among oil lamps, and it is #17795. Corrected in place for the same reason as #17472 above"
"27750","NONE","LR 09","Krishna and the Monkeys Folk","Krishna folk art with monkeys — none of the nine Lord Rama pages shows it"
"8424","SHARE: TA-210001-6030","TMP-1207","Divine Varanasi Ganga Aarti Canvas Wall Art","the same painting as Canva page 374, TA-210001-6030, and as #34725 which holds it (103 matching points between the two product pictures): this picture is a landscape crop of the lower half of that portrait, the ghat of lamp-trees and both boats, with the lilac sky and spires above cut away. Side by side at full size the second boat at the right IS on the page. Overturns this file's earlier NONE, which judged at thumbnail size. Found 26 Sep by matching every product picture against all 386 Canva pages (feature points, geometry-checked), then compared side by side (61 points on the page); this product held TMP-1207 until then. Shares the code with #34725; the SKU letter keeps their SKUs apart"
"3362","HD 04","NONE","Divine Lord Ganesha","superseding my own clear, which said none of the fifteen Lord Shiva pages shows it. True, and beside the point - it is a Ganesha, and the Ganesha pages are in Hindu Deities. HD 04 is this exact artwork: the grey stone Ganesha seated with four arms against a gold filigree halo on a dark ground"
"29517","NONE","LS 04","Lone Tree Between Worlds","a single conifer on a split teal and orange field - LS 04 is the multicoloured Shiva face, so this is certainly wrong here. Cleared rather than left, because it is blocking a confirmed move: a known-wrong code that blocks a known-right one is worse than an empty one. Still needs its own page found"
"18290","LS 04","LG 03","Shiva Meditation Art","LS 04 is this exact artwork — Shiva's face with the crescent moon and gold tripundra on a field of orange, magenta and teal"
"8412","LG 01","(none)","Lakshmi Ganesh","LG 01 is this exact artwork — Ganesha on the left, Lakshmi on the right, both on pink lotuses under a warm sky"
"29456","NONE","LG 03","Maratha Pride with Lion","two Maratha warriors with a lion; the Lakshmi-Ganesha section is three pages and all three are now matched to #8412, #29951 and #26753"
"27981","NONE","LG 03","Crimson Veil Portrait","a woman's face behind a crimson veil; the Lakshmi-Ganesha section is three pages and all three are now matched"
"148","LI 03","NONE","Abstract Floral Sunrise","superseding my own clear, which said LR 01 is Ram, Sita and Lakshman. True of Lord Rama and beside the point. LI 03 is this exact artwork: the stained-glass tulip in jewel greens, blues, purples and orange with a golden sun behind it"
"7810","LR 01","LR 03","Premium Ram Darbar Divine Wall Art","LR 01 is this exact artwork — Ram, Sita and Lakshman in warm orange, Rama with his bow on the left. #148 vacates the code in the row above"
"25240","NONE","LR 04","Vaishnava Symbols Trio","the chakra, tilak and shankha on black — none of the nine Lord Rama pages shows it"
"22077","LS-030021-4040","TMP-1230","Shiva in the Sea Canvas Wall Art 3x4 Feet – ","owner, 1 Oct: ""i made some changes in the canva please reverify it"". Its picture is Canva page 127, LS-030021-4040: blue Shiva rising from the sea under a full moon, trident behind. Matched by picture: checked by eye (the page is a square crop of the same painting). Replaces the NONE row: the page this picture is on was added to the brochure on 1 Oct."
"21893","SH - 040014","NONE","Wild Horses Stampede","found by the no-code sweep. Cleared off LR 04, a Lord Rama page, and homeless since. SH 14 is this painting: the same seven white horses in the same poses, the same tan tail flowing left from the second horse, the same second tan tail at the middle right, the same orange patch at the top right over green at the top left, the same band of red, blue and orange dabs along the base, and the same signature in the bottom right corner. The page render reads cooler only because the mockup wall light desaturates it"
"8588","SHARE: AC-230007-0000","TMP-1213","Best Premium Pre-Stretched Framed Canvas Boa","an accessory, in the website's Framed White Canvas category. Canva's Art Accessories Collection page AC-230007-0000 (added 29 Sep) is that category's page. The owner chose (29 Sep) to give each accessory its category page's code, since the page shows the category, not one product's picture. Shares the code with the other products of the category; the SKU letter keeps their SKUs apart."
"8440","SHARE: AC-230003-0000","TMP-1208","Large Landscape Canvas Print 3x4 ft | Custom","an accessory, in the website's Frame Sizes category. Canva's Art Accessories Collection page AC-230003-0000 (added 29 Sep) is that category's page. The owner chose (29 Sep) to give each accessory its category page's code, since the page shows the category, not one product's picture. Shares the code with the other products of the category; the SKU letter keeps their SKUs apart."
"7662","SH-040001-3050","SH-040002-3050","Luxurious Majestic White Running Horses Canv","its picture is on Canva page 123, SH-040001-3050: 71 matching points there against 2 on SH-040002. The two white-horse pages are near-twins and this product held the other's code. Overturns this file's earlier row, which read SH 02 as this picture. Found by the full check of 29 Sep: every product picture against every page of Canva as it stands (read view only, 399 pages, each page tied to its label), then compared side by side."
"232","SH-040002-3050","SH-040001-3050","Powerful Running White Horses Canvas Wall Ar","its picture is on Canva page 124, SH-040002-3050: 151 matching points there against 4 on SH-040001. The two white-horse pages are near-twins and this product held the other's code. Overturns this file's earlier row, which read SH 01 as this picture. Found by the full check of 29 Sep: every product picture against every page of Canva as it stands (read view only, 399 pages, each page tied to its label), then compared side by side."
"17543","SHARE:LR 05","NONE","Lord Balaji Idol","#15913 holds LR 05 and matches the page exactly: on the page the gold staff runs down the RIGHT of the figure, and on #15913 it does too. This product is the same composition MIRRORED — staff on the left — with the garlands graded a harder magenta. Flipping it back drops the pixel difference against #15913 from 44.8 to 18.1, so it is that artwork rather than another; it is not the identical file, which is where the earlier wording, “the same photograph”, went slightly wrong. Still one painting listed twice, so they share the code and the SKU letter keeps their SKUs apart. Pages LR 4 and LR 6 are the other two black idols and neither is this one"
"19453","SHARE: RK-010044-5030","TMP-1227","Golden Krishna Flute Player Canvas Wall Art","the same picture as Canva page 48, RK-010044-5030: the golden Krishna statue with the flute under a shaft of light from above, lamps at both sides. The earlier NONE compared it only with LS 11. #18600 holds the code (the owner's sheet names it for page 48) and keeps its SKU; its own picture is a different golden Krishna among lamps, with no shaft of light, which is for the owner to look at. Found 26 Sep by matching every product picture against all 386 Canva pages (feature points, geometry-checked), then compared side by side (79 points on the page); this product held TMP-1227 until then. Shares the code with #18600; the SKU letter keeps their SKUs apart"
"21954","LS - 030002","LS 02","Shiva Family Cubist Art","RESTORES THE CODE THIS PRODUCT ALREADY HELD. The clear was wrong, and it is the only wrong clear the audit has written: every other overturned row was a correct clear whose product was then left homeless. This one took a product off the page it belonged on. The old reason said 'LS 02 is a cubist couple, blue man and woman in red, NO ANIMALS' and then described this product as having 'a red bull at the LEFT and a lion at the RIGHT on gold'. LS 02 has exactly that: the same blue Shiva and ochre Parvati faces merged at the top, the same maroon hair swirling to the left, the same white swan at the blue figure's chest, the same red-brown Nandi head at the left, the same lion at the right, the same small ochre Ganesha seated at the lower right, the same magenta sari panel, the same blue leg down the left, and the same gold base panel with its emblem squares, all on gold beneath a sun disc. LS 02 is one of the pages printed in all six frame finishes, which renders the artwork at roughly a sixth of full size in each mockup - the likeliest reason the animals were not seen"
"20169","SH - 040013","NONE","Rainbow Horse Gallop","found by the no-code sweep. This product was cleared off LS 01, a Lord Shiva page, and had no home until now. SH 13 is this exact painting: seven horses in the same order left to right - maroon, black, white, pale white, black, white, chestnut - against the same three colour fields, crimson at the left, gold across the top, teal water breaking at the bottom right. Nothing in the page is absent from the picture and nothing in the picture is absent from the page"
"141","LI 02","NONE","Minimalist Blossom Still Life","superseding my own clear, which said TP 08 is the reclining Vishnu - true of Tirupati Balaji and beside the point. LI 02 is this exact artwork: a pale round vase holding a single blossoming branch, standing on a dark ledge against a textured grey wall, in a wide format"
"14678","SHARE: RK-010090-5030","TMP-1221","Golden Krishna Temple Idol Canvas Wall Art 3","the same picture as Canva page 94, RK-010090-5030, and as #34147 which holds it (515 matching points between the two product pictures): the golden Krishna idol under the arch of bells and lamps. The earlier NONE compared it only with TP 01. Found 26 Sep by matching every product picture against all 386 Canva pages (feature points, geometry-checked), then compared side by side (235 points on the page); this product held TMP-1221 until then. Shares the code with #34147; the SKU letter keeps their SKUs apart"
"14739","LC 06","LS 06","Moonlit Mountain Forest","LC 06 is this exact artwork — the golden moon over the misty blue mountain and the reflective lake. LS 06 is blue Shiva and Parvati with the elephant"
"8585","SHARE: AC-230007-0000","TMP-1212","Elegant Large Framed White Canvas Wall Art w","an accessory, in the website's Framed White Canvas category. Canva's Art Accessories Collection page AC-230007-0000 (added 29 Sep) is that category's page. The owner chose (29 Sep) to give each accessory its category page's code, since the page shows the category, not one product's picture. Shares the code with the other products of the category; the SKU letter keeps their SKUs apart."
"17672","LI 10","LR 10","Jesus Portrait","LI 10 is this exact artwork - the monochrome Jesus against a vivid red circular halo. LR 10 is a code the book does not contain: Lord Rama runs LR 01 to LR 09 only"
"7688","LI - 190013","LR 12","Luxury Floral Birds","two birds on a flowering branch with orange blossoms on gold and teal. This row first said LI 12 and that was one page short — LI 12 is the Divine Mercy Jesus, LI 13 is the birds. Living Room is correct through page 11 and runs one page behind from 12 on; the LR-to-LI migration inherited that "
"22444","LI 07","TA 03","Cross of Faith","LI 07 is this exact artwork - the rustic wooden cross on a weathered rust-brown ground"
"13592","LI 11","TA 04","Jesus in Heavenly Glory","LI 11 is this exact artwork - Christ ascending in the clouds with arms outstretched in golden light"
"16444","LI - 190024","LR 23","Running Brown Horse","the brown horse charging forward in ink-splash on cream. This row first said LI 23, one page short: LI 23 is a fiery chestnut horse on darker teal and orange, LI 24 is this one"
"13473","LI - 190032","LR 31","Joyful Man with Bouquet","the man leaping with a bouquet among confetti hearts. This row first said LI 31, one page short — LI 31 is a whimsical canal street under lanterns"
"27920","LI - 190035","LR 34","Rainbow Wings and Butterflies","the rainbow angel wings with butterflies on a pastel sky. This row first said LI 34, one page short — LI 34 is pink bougainvillea over a shuttered window. LI 35 is 4x4 square, which this product's own size matches and LI 34 does not"
"24897","LI - 190037","TA 04","Crimson Horse Reverie","the red horse beside the woman in the water. This row first said LI 36, one page short — LI 36 is a pastel arch with palm trees and tigers"
"19697","LI - 190029","LR 28","Moonlit Sailing Adventure","the tall ship among icy cliffs under a huge moon. This row first said LI 28, one page short — LI 28 is a Native American warrior with a bow"
"24169","MG 01","TA 04","Murugan Sanctum Darshan","MG 01 is this exact artwork - Lord Murugan standing between Valli and Devasena, all three garlanded, under the gold temple arch with the peacock at the right. It was on TA 04, which is the Ganga aarti page"
"8474","SHARE:TP 05","TA 04","Divine Lord Balaji Temple Canvas Wall Art","the same painting as #229, which already holds TP 05 - the gold pillars, the red and white garlands falling in a V from the shoulders, the dark Venkateswara with the tall crown and the blue-green arch behind the head. #229 is the framed piece shown whole; #8474 is a zoomed crop of it. Two listings of one picture, so they share the code on purpose; the SKU letter keeps their SKUs apart. The refusal guard caught this - it was doing its job, not misfiring"
"23008","LI 04","TA 04","Teal City Mirage","LI 04 is this exact artwork - the Statue of Liberty and a city skyline dissolving into pale teal mist. Nothing about it is travel art in the sense the TA section means"
"23191","NONE","SH - 040004-3050","Seven Horses Cliff Dawn","deleted 29 Sep (round two of the duplicates: the recoloured pair kept as one listing, #19025; its old address answers 301 there, inc/retired-products.php). SH 04 is this exact artwork, the dark cliff at the upper left and a brilliant sunburst at the upper right, but the page now goes to #19025, the listing the owner kept (row below). Cleared so that, should the product still sit in the bin rather than be gone for good, its old code cannot stand in #19025's way; a product that no longer exists is skipped."
"7765","KR 01","TA 04","Cute Cartoon Cat Wall Art 36×24 – Adorable Kids Room Digital","KR 01 is this exact artwork - the four cartoon cats stacked together, the big green one, the red one in a hat, the white fluffy one and the small black-and-white one, on a cream ground. KR 02 is also a cat but a single sleeping cat on a colourful patchwork, a different painting"
"25185","SL 22","TA 04","Lotus Basket Still Life","SL 22 is this exact artwork - two white lotus flowers open in a woven basket, lily pads around it, on a mottled teal-green ground"
"13414","LS 06","TA 04","Shiva and Parvati Canvas Wall Art 3×4 Feet","LS 06 is this exact artwork - Shiva with the crescent moon and tripundra on the left, Parvati crowned in gold on the right, the grey elephant head of Ganesha held between them, yellow flowers at the corners, on deep blue. One of the few products whose title was right about the subject all along"
"7781","SHARE: SL-150001-4030","TMP-1204","Luxurious Modern Floral Abstract Vase Wall A","the same painting as Canva page 232, SL-150001-4030: this picture is a crop of it, the red, white, coral and yellow poppies on the maroon-and-cream ground with the brass vase and dark green band below cut away. A crop can remove the vase, so its absence is not a difference. Overturns this file's earlier NONE. #8805 holds the code (the owner's sheet names it for page 232) and keeps its SKU; its own picture is a four-panel cafe wall, not this page, which is for the owner to look at. Found 26 Sep by matching every product picture against all 386 Canva pages (feature points, geometry-checked), then compared side by side (62 points on the page); this product held TMP-1204 until then. Shares the code with #8805; the SKU letter keeps their SKUs apart"
"7800","LC - 140001","TA 04","Stunning Forest Waterfall Landscape Wall Art","found by the Landscapes unclaimed-pages pass, overturning my own clear. The clear off TA 04 was right; the reasoning that followed it was false. The row said 'The Landscapes section LC 01-10 has no waterfall of this kind'. LC 01 IS a forest waterfall, and its caption even says so - 'the image of a flowing waterfall in Vastu signifies continuous prosperity'. So that negative was not a misreading of the pages; the pages were never looked at, and the captions were not read either. LC 01 is this painting: the same broad low fall spilling over a dark rock ledge into a still pool, the same autumn woods in yellow-green with pale bare trunks, the same mist rising at the centre-left, the same dark boulders banking the right, and the same yellow leaves scattered on the water. LC 01 is printed in all six frame finishes and the picture is identical in every one"
"14034","CO-240018-3030","TMP-1220","Lord Murugan Art Canvas Wall Art 3x4 Feet – ","owner, 1 Oct: the Personal Pic folder (Final Edited Photos > Based on Excel Sheet > Personal Pic), now 25 pictures, files this picture as CO-240018-3030. Matched by picture: 450 matching points with the file, the seated deity on a green ground between two attendants. Replaces the NONE row: it is on no brochure page, it has its own code now. CO codes are outside the art-code book, like AC and CP, so every pass leaves them as written and the SKU is the code."
"19269","LS 10","NONE","Crimson Rider","I cleared this and I was wrong. LS 10 is this exact artwork - the woman seated on a dark bull with a red horse-head form rising at the left, the crescent moon in the dark cloud above her, a small glowing object in her raised hand, on a smoky amber ground. I read LS 10 while hunting for other products and never connected it to this one"
"22199","WL - 170020","TA 04","Peacock Art","found by the Wildlife unclaimed-pages pass, overturning my own clear. The clear off TA 04 was right and the reasoning that followed it was wrong: it said 'the book has five peacock pages - WL 06, WL 10, WL 11, WL 16 and VA 01 - and this is none of them'. That list came from the CAPTIONS, and WL 20 HAS NO CAPTION, so the shortlist could not see it. WL 20 is this painting: the same peacock facing left with the fine gold-tipped crest, the same white eye-patch and black eye, the same teal-blue neck flecked with green at the breast, the same tail sweeping right through marbled gold and teal with blue and gold eye-spots, the same dark navy lower-left corner with orange paint spatter, and the same gold swirl at the upper left. The row's own description - 'a fanned teal and gold tail on a dark blue painterly ground' - describes WL 20 exactly"
"23850","KR - 180022","NONE","Melody Makers Illustration","found by the no-code sweep. Cleared off TA 04, the page this audit found being used as a dumping ground. KR 22 is this illustration: the same figure in the yellow patterned top holding the child in green, the same second figure in the green spotted top, the same double bass at the left and violin at the right, the same brown case, the same sheet-music leaves falling and the same toy car below"
"24470","CO-240012-3020","TMP-1239","Tanjore Devotion Panel Canvas Wall Art 3x4 F","owner, 1 Oct: the Personal Pic folder (Final Edited Photos > Based on Excel Sheet > Personal Pic), now 25 pictures, files this picture as CO-240012-3020. Matched by picture: 320 matching points with the file, the standing deity with folded hands under a haloed crown. Replaces the NONE row: it is on no brochure page, it has its own code now. CO codes are outside the art-code book, like AC and CP, so every pass leaves them as written and the SKU is the code."
"24836","SHARE: RK-010087-5030","TMP-1242","Divine Blessings Gathering Canvas Wall Art 3","the same picture as Canva page 91, RK-010087-5030, whose text describes it: Shiva and Parvati with Krishna and Radha blessing a young girl among lamps. Overturns this file's earlier NONE. #27325 holds the code (the owner's sheet names it for page 91) and keeps its SKU; its own picture is Radha and Krishna on a branch, not this page, which is for the owner to look at. Found 26 Sep by matching every product picture against all 386 Canva pages (feature points, geometry-checked), then compared side by side (196 points on the page); this product held TMP-1242 until then. Shares the code with #27325; the SKU letter keeps their SKUs apart"
"25358","CO-240002-3050","TMP-1248","Dancers in Ocean Light Canvas Wall Art 3x4 F","owner, 30 Sep: the Personal Pic folder (Final Edited Photos > Based on Excel Sheet > Personal Pic) files this picture as CO-240002-3050. Matched by picture: 237 matching points with the file, two dancers under blue water light. Replaces the NONE row: it is on no brochure page, it has its own code now. CO codes are outside the art-code book, like AC and CP, so every pass leaves them as written and the SKU is the code."
"25657","CO-240019-3030","TMP-1249","Tanjore Acharya Panel Canvas Wall Art 3x4 Fe","owner, 1 Oct: the Personal Pic folder (Final Edited Photos > Based on Excel Sheet > Personal Pic), now 25 pictures, files this picture as CO-240019-3030. Matched by picture: 367 matching points with the file, the seated deity under a serpent hood, with two devotees. Replaces the NONE row: it is on no brochure page, it has its own code now. CO codes are outside the art-code book, like AC and CP, so every pass leaves them as written and the SKU is the code."
"28103","NONE","TA 04","Krishna Serene Face","every section of the Master Brochure has now been read, and this picture is on no page of it. RK has seven Krishna portrait pages - RK 11, 17, 42, 59, 70, 75, 85 - and this is none of them. It is a frontal blue-green face, eyes closed, peacock feather top right, on a blocky abstract ground"
"28839","NONE","TA 04","Savanna Sunset Silhouettes","every section of the Master Brochure has now been read, and this picture is on no page of it. there is no savanna page anywhere in the book. WL is animals and birds, and LI has no African scene"
"30775","NONE","TA 04","Marigold Dreams Portrait","every section of the Master Brochure has now been read, and this picture is on no page of it. a grey face with orange flowers over the eyes. AA 18 is the collage face with botanical elements and is a different painting"
"30905","NONE","TA 04","Balaji Heritage Collage","every section of the Master Brochure has now been read, and this picture is on no page of it. a collage of a blue profile with a Balaji face and pattern. Every TP page is a single photographic or painted Venkateswara, never a collage"
"22947","TP - 050002","NONE","Temple Sanctum Vishnu","found by the no-code sweep. Cleared off TA 03 as well, the same Varanasi page. TP 02 is this photograph: the same black stone standing Vishnu on its pedestal with the arch behind the head, flanked by the same carved pillars lit warm orange, the same small offering at the foot of the pedestal, the same dark sanctum"
"29829","TP - 050001","NONE","Forest Vishnu Murti","found by the no-code sweep. Cleared off TA 03, a Varanasi page, and homeless since. TP 01 is this picture: the same dark stone four-armed Vishnu seated in a mossy hollow, the same gold namam on the forehead and the same gold disc earrings, the same moss growing over the chest and arms, the same ferns and wet rock, the same waterfall below. The page's caption calls it Lord Vishnu the Preserver"
"31713","TA 03","NONE","Varanasi Ghats Stylised","TA 03 is this exact artwork - the crimson sky block at the left meeting teal water, white snow mountains behind, red temple spires above the pale ghat steps at the right, dark boats drifting on the river, in a wide format. With this, all four Travel Art pages have an owner except TA 02"
"27078","SH - 040003","LB - 090005-5030","Seven Horses Sunset Beach Canvas Wall Art 3×4","SH 03 is this exact painting — the same seven white horses through pale blue surf, the same peach-and-cream cloud bank, the same spray. The Buddha pass cleared it off LB 05 saying it ""belongs in Seven Horses, but which page is not knowable until that section is read"". Seven Horses has since been read, and this is the page"
"28534","NONE","LB - 090006-5030","Kirtan Celebration Canvas Wall Art 3×4","Radha and Krishna in a daylight riverside grove among a crowd of gopis, one seated playing a veena. Deferred twice for the same reason — Radha Krishna's unclaimed pages had not been read. They have been now, all forty-one of them, and this is on none: RK 93 is a moonlit courtyard raas with six dancers under a full moon, RK 95 is Radha among gopis making garlands with no Krishna in it, and no caption among the other thirty-nine describes this scene. LB 06, which it held, is a peacock Buddha"
"27811","NONE","LB - 090008-5030","Buddha Among Pink Lotuses Canvas Wall Art 3×4","a pale cream Buddha head with pink lotuses. Re-checked from the nocode sheet against all thirteen Buddha pages: still none. Buddha gained no pages this round, so the 2026-09-14 verdict stands rather than needing revisiting"
"27572","NONE","SH - 040010-4030","Abstract Horse Pair Canvas Wall Art","a close-up of large stylised horse heads and necks in cream, blue and gold — one composition, not a group of seven, so no Seven Horses page can be it; all fifteen were checked. Living Room's six single-horse pages were checked too (LI 22 a foal in blue and orange, LI 23 chestnut, LI 24 brown charging, LI 25 black on red, LI 26 white through waves, LI 33 white before a moon) and none is it"
"19392","RK 22","RK 23","Radha Krishna with Peacocks Canvas Wall Art 3×4","RK 22 is this exact picture — the pair seated among peacocks in a flowering grove. RK 23 is a single Krishna with a flute on a cream floral ground, which is a different painting"
"11551","RK 25","RK 26","Stunning Radha Krishna Abstract Wall Art 60×36","RK 25 is this flat art-deco pair in navy, gold and cream. RK 26 is a photograph of dressed temple idols"
"15135","RK 27","RK 28","Radha Krishna Love Canvas Wall Art 3×4 Feet","RK 27 is this minimalist cream painting — dark Krishna in a pale turban, Radha resting against him, one peacock feather. Frees RK 28 for the row below"
"20349","RK 28","RK 29","Radha Krishna Angel Embrace Canvas Wall Art 3×4","RK 28 is this pair reclining in grey cloud"
"15974","RK 29","RK 30","Dancing Lady Portrait Canvas Wall Art 3×4 Fe","RK 29 is this dancer in an orange lehenga against a large sketched Krishna face"
"19147","RK 30","RK 31","Krishna Flute Player Canvas Wall Art 3×4 Fee","RK 30 is this monochrome pair — a profile on the left, a flute player on the right"
"13916","RK 31","RK 32","Jagannath Art Canvas Wall Art 3×4 Feet – Flo","RK 31 is the Jagannath, Balaram and Subhadra idols. This is that picture; RK 32 is a graffiti-style flute player"
"18107","RK 32","RK 33","Krishna Flute Collage Art Canvas Wall Art 3×","RK 32 is this graffiti-style flute player in magenta and blue"
"14617","RK 33","RK 34","Krishna Playing Flute Canvas Wall Art 3×4 Fe","RK 33 is this orange-turbaned flute player on rainbow brushstrokes"
"31829","SHARE: RK 33","RK 34","Krishna Flute Panorama Canvas Wall Art 3×4 Feet – Floating F","the same painting as #14617 — a wider crop of the orange-turbaned flute player on rainbow brushstrokes, which is RK 33. Two listings of one artwork, so they share the code and the SKU letter keeps them apart. It must move with #14617 or RK 34 is never free for #21320"
"21320","RK 34","RK 35","Krishna with White Cows Canvas Wall Art 3×4","RK 34 is Krishna among many white cows — this exact picture. RK 35 is Bal Krishna reaching a hanging pot"
"16318","RK 39","RK 40","Krishna Art Canvas Wall Art 3×4 Feet – Float","RK 39 is this painterly blue Krishna in teal, green and yellow brushwork"
"15546","RK 41","RK 42","Krishna Playing Flute Canvas Wall Art 3×4 Fe","RK 41 is the FRONTAL face with open eyes. RK 42 is the same subject in profile with eyes closed, and that is #13662 below"
"13662","RK 42","RK 43","Krishna Flute Serenade Canvas Wall Art 3×4 F","RK 42 is the blue profile with eyes closed on a sketchy cream ground"
"16823","RK 43","RK 44","Golden Cosmic Krishna Canvas Wall Art 3×4 Fe","RK 43 is this cosmic gold figure over water with lamps"
"18600","SHARE: RK-010040-5030","RK-010044-5030","Lord Krishna Playing Flute Canvas Wall Art 3","its picture is the golden Krishna among oil lamps on Canva page 43, RK-010040-5030, the same picture as #33993 which holds that code (32 points). Page RK-010044 is the golden statue under a shaft of light, which is #19453's picture (26 Sep). Found by the full check of 29 Sep: every product picture against every page of Canva as it stands (read view only, 399 pages, each page tied to its label), then compared side by side."
"15217","RK 45","RK 46","Lord Krishna Cosmic Canvas Wall Art 3×4 Feet","RK 45 is this radiant Vishnu in orange robes"
"18788","RK 46","RK 47","Vishnu Divine Avatar Canvas Wall Art 3×4 Fee","RK 46 is this radiant figure with arms outstretched above temples"
"19822","RK 47","RK 48","Baby Krishna Hides Canvas Wall Art 3×4 Feet","RK 47 is baby Krishna peeking from behind the red curtain — this exact picture"
"18355","RK 49","RK 50","Mystical Govinda Poster Canvas Wall Art 3×4","RK 49 is this dark cosmic GOVINDA poster"
"30592","RK 50","RK 51","Krishna Floral Halo Canvas Wall Art 3×4 Feet","RK 50 is this seated flute player with a gold halo and white roses"
"26206","RK 53","RK 68","Krishna in Pearl Attire Canvas Wall Art 3×4","RK 53 is the black idol in white and silver attire with orange garlands — this exact photograph. RK 68 is a painted portrait in purple and gold"
"24230","RK 54","RK 55","Vishvarupa Gita Vision Canvas Wall Art 3×4 F","RK 54 is the Vishwarupa shown to Arjuna on the battlefield — this exact picture"
"24033","RK 55","RK 56","Radha Krishna Melody Swirl Canvas Wall Art 3","RK 55 is this pair dancing in teal and orange watercolour"
"26690","RK 56","RK 57","Mother and Little Krishna Canvas Wall Art 3×","RK 56 is Yashoda holding baby Krishna in watercolour — this exact picture"
"23972","RK 57","RK 58","Radha Krishna Petal Dance Canvas Wall Art 3×","RK 57 is this pair dancing amid falling petals"
"25901","RK 58","RK 59","Krishna Watercolor Gaze Canvas Wall Art 3×4","RK 58 is this single portrait with a peacock feather in a teal wash"
"25419","RK 60","RK 61","Satyanarayan Katha Scene Canvas Wall Art 3×4","RK 60 is the Satyanarayan Katha ceremony — this exact picture"
"30836","NONE","RK - 010063-4030","Veena Player with Peacock Canvas Wall Art 3×","OVERTURNS the earlier row that moved this from RK 64 to RK 63. RK 63 is a woman playing a stringed instrument in a PINK moonlit haze with cherry blossoms, a lotus and a peacock, and Krishna's silhouette playing a flute looming behind her. This product is a sepia and cream woman with a veena and a peacock, no pink, no blossom, no Krishna. Same subject, different painting"
"8301","RK 1","RK 6","Radha Krishna Peacock Canvas Art 36 × 60 Inc","RK 1 has a plain cream ground, coloured paint drips along the bottom and a single bird at the upper right — this picture has all three. RK 6, which it was holding, is a dense all-over floral with no cream ground and no drips. If this one is ever revisited, RK 6 is the alternative reading"
"22747","NONE","HD - 080006","Ganesh Pop Art Canvas Wall Art 3×4 Feet – Fl","HD 6 is an infant Ganesha among many elephant trunks on a red ground; this is a flat pop-art Ganesha face in magenta and green on blue. No page of Hindu Deities is this picture. Cleared rather than left on someone else's painting, and it frees HD 6 for #21564, which IS that page"
"26328","CO-240021-0000","TMP-1255","Sri Ramanuja Golden Murti Canvas Wall Art 3x","owner, 1 Oct: the Personal Pic folder (Final Edited Photos > Based on Excel Sheet > Personal Pic), now 25 pictures, files this picture as CO-240021-0000. Matched by picture: 241 matching points with the file, the golden Ramanuja murti. Replaces the NONE row: it is on no brochure page, it has its own code now. CO codes are outside the art-code book, like AC and CP, so every pass leaves them as written and the SKU is the code."
"24094","CO-240022-0000","TMP-1237","Sri Ramanuja Procession Canvas Wall Art 3x4 ","owner, 1 Oct: the Personal Pic folder (Final Edited Photos > Based on Excel Sheet > Personal Pic), now 25 pictures, files this picture as CO-240022-0000. Matched by picture: 139 matching points with the file, Ramanuja in procession, in red cloth. Replaces the NONE row: it is on no brochure page, it has its own code now. CO codes are outside the art-code book, like AC and CP, so every pass leaves them as written and the SKU is the code."
"25021","CO-240011-3020","TMP-1244","Tanjore Seated Goddess Canvas Wall Art 3x4 F","owner, 1 Oct: the Personal Pic folder (Final Edited Photos > Based on Excel Sheet > Personal Pic), now 25 pictures, files this picture as CO-240011-3020. Matched by picture: 303 matching points with the file, the deity seated with folded hands in a gold Tanjore arch. Replaces the NONE row: it is on no brochure page, it has its own code now. CO codes are outside the art-code book, like AC and CP, so every pass leaves them as written and the SKU is the code."
"22321","SA - 100004","NONE","Golden Guru Aura Canvas Wall Art 3×4 Feet – ","found by the no-code sweep; it had been cleared off HD 21. SA 04 is this painting: the same Guru Nanak in an orange turban against the same gold sunburst, the same white beard and dark teal robe with gold beads, the same crackled ground running blue-teal at the left into crimson at the right. SA 04 had never been claimed by anything"
"8398","SHARE: HD - 080001","HD - 080024","Meditating Yogi Spiritual Wall Art – 60 × 24","the same painting as #26875 — Mahavatar Babaji, same face, same pose, same dark ground — in a wider crop, which is why its listed size is 60×24. Two listings of one artwork, so they share HD 1. It must move before #17605 takes HD 24"
"24775","HD - 080030","HD - 080006","Bharat Mata with Lion Canvas Wall Art 3×4 Fe","HD 30 is Bharat Mata with the lion, the map of India and the tricolour — unmistakable, and nothing like HD 6, an infant Ganesha among elephant trunks. HD 30 is one of the pages the book gained, so it can only be named in six digits"
"22825","HD - 080029","HD - 080027","Srila Prabhupada Portrait Canvas Wall Art 3×","HD 29 is the painted portrait in pale pink and cream. Also a page the book gained. Written before #17090 so HD 27 is free for it"
"14985","HD - 080028","HD - 080026","Indian Spiritual Leader Canvas Wall Art 3×4 ","HD 28 is the colour close-up with the yellow marigold garland. A page the book gained"
"17090","HD - 080027","HD - 080025","Garlanded Guru Portrait Canvas Wall Art 3×4 ","HD 27 is the leader seated in a chair under flower garlands and greenery"
"14861","HD - 080026","HD - 080024","Sadhu in Contemplation Canvas Wall Art 3×4 F","HD 26 is the sepia photograph of a man meditating cross-legged outdoors"
"18477","HD - 080025","HD - 080023","ISKCON Leader Portrait Canvas Wall Art 3×4 F","HD 25 is the colour photograph of the ISKCON founder seated with garlands"
"17605","HD - 080024","HD - 080022","Sai Baba Portrait Canvas Wall Art 3×4 Feet –","HD 24 is the black-and-white photograph of Sai Baba seated on a rock"
"15607","HD - 080023","HD - 080021","Hindu Saint Portrait Canvas Wall Art 3×4 Fee","HD 23 is the golden Ramanuja idol with hands folded inside an ornate golden arch"
"15278","HD - 080022","HD - 080020","Golden Idol Statue Canvas Wall Art 3×4 Feet ","HD 22 is the golden idol seated in an ornate white marble shrine with a red cloth"
"17917","HD - 080020","HD - 080018","Goddess Lakshmi on Elephant Canvas Wall Art ","HD 20 is the deity seated on an elephant, vivid and festive"
"18538","HD - 080017","HD - 080015","Lakshmi with Elephants Canvas Wall Art 3×4 F","HD 17 is Lakshmi on a pink lotus flanked by two golden elephants"
"30215","HD - 080016","HD - 080014","Devi in White on Lotus Canvas Wall Art 3×4 F","HD 16 is the goddess in white and gold on a lotus, pale and cream"
"21075","HD - 080015","HD - 080013","Saraswati with Swan Canvas Wall Art 3×4 Feet","HD 15 is Saraswati with the veena and the swan in pink. HD 14 is a multi-armed Hanuman over fallen demons, which is why this moves two pages and not one"
"22260","HD - 080013","HD - 080012","Hanuman Ji Sitting Pretty Canvas Wall Art 3×","HD 13 is Hanuman seated with a glowing halo, red drape and falling petals"
"17795","HD - 080011","HD - 080010","Lord Hanuman Statue Art Canvas Wall Art 3×4 ","HD 11 is Hanuman seated among oil lamps against a red and gold mandala"
"21564","HD - 080006","HD - 080018","Ganesha with Elephants Canvas Wall Art 3×4 F","HD 6 is the infant Ganesha among many elephant trunks on a red ground — this exact picture"
"7830","HD - 080003","HD - 080005","Modern Abstract Ganesha Canvas Wall Art 36×4","HD 3 is the abstract elephant head in blue and orange. HD 5, which it held, is a soft watercolour Ganesha in pink and yellow, and that is #19330, which stays where it is"
"31890","SHARE: TP - 050013","TP - 050013","Lord Vishnu Golden Halo Canvas Wall Art 3×4 ","the same painting as #15730 — compared pixel for pixel, RMS difference 6.6 against 102 for the third product on this page. Two listings of one artwork, so they share TP 13"
"23911","CO-240014-3020","TMP-1236","Kalki Avatar Tanjore Canvas Wall Art 3x4 Fee","owner, 1 Oct: the Personal Pic folder (Final Edited Photos > Based on Excel Sheet > Personal Pic), now 25 pictures, files this picture as CO-240014-3020. Matched by picture: 233 matching points with the file, the Tanjore deity with sword and shield. Replaces the NONE row: it is on no brochure page, it has its own code now. CO codes are outside the art-code book, like AC and CP, so every pass leaves them as written and the SKU is the code."
"229","SHARE: TP - 050004","TP - 050004","Lord Venkateswara Temple Canvas Wall Art 2×3","RESTORES A CODE THIS PRODUCT ALREADY HELD, and the second wrong clear the audit has written. #229 and #8474 both stood on TP - 050004 in the baseline. Two rows were then written about that page and they contradict each other: #8474's row says they are 'the same painting ... #229 is the framed piece shown whole; #8474 is a zoomed crop of it', while this row said 'This is a different photograph' and cleared #229 to nothing. #8474's row is the correct one. #229's featured image IS a room mockup, but that is not a reason it cannot be compared - enlarged 8x the framed print on the wall carries the whole composition of TP 04, and it agrees with the page on five independent points: the ornate pointed crest above the gold prabhavali arch, the twin garlands angling down and outward from the shoulders in red/white/green, the closed OVAL vanamala loop hanging to below the waist (an unusual shape, same position and proportion in both), the banded gold pillars flanking left and right, and lamp flames in the same two upper corners. WHY THE EARLIER PASS GOT IT WRONG: a room mockup prints the artwork small and under ambient light, so it renders darker and flatter than the book page does. That row judged on tone - 'a darker idol in a golden arch' - rather than on composition, and tone is exactly what a mockup changes. Composition is what survives it. NOTE ON THE CODE FORM: this row must carry the full six-digit code. TP is one of the two sections whose old and new numbering differ (absent => array(4)), so the short legacy form shifts - 'TP 05' resolves to TP - 050004 and 'TP 13' resolves to TP - 050012, while 'TP 04' resolves to nothing at all because old TP 04 never named a page. Sharing is correct rather than a clash: two listings of one picture, and the SKU letter keeps their SKUs apart"
"30966","NONE","TP - 050006","Vishnu on Shesha Canvas Wall Art 3×4 Feet – ","TP 6 is Venkateswara standing against a starry nebula — that is #13840. This is a pale watercolour of Vishnu seated on a coiled serpent. TP 12 is Vishnu on Shesha but over water in vivid cosmic purple, and that is #16701. Not any page of this section"
"31456","NONE","TP - 050008","Balaji Abstract Gold Canvas Wall Art 3×4 Fee","TP 8 is a golden face emerging from cosmic dust on dark teal. This is a warm ochre collage — a blue profile, the Balaji face, temple bells, chakra and shankha. A different picture, and no page of this section is it"
"29281","NONE","TP - 050009","Balaji Divine Collage Canvas Wall Art 3×4 Fe","TP 9 is Vishnu standing with pink and white garlands on pale grey. This is a bright collage of the same kind as #31456 — blue profile, Balaji face, bells, lotuses. Not that page"
"31088","NONE","TP - 050011","Vaikuntha Celestial Court Canvas Wall Art 3×","TP 11 is Vishnu seated alone on a pink lotus among lotuses — that is #23069. This is a Vaikuntha court: Vishnu on a coiled serpent with two consorts, attendants, crowds of devotees and Garuda below. TP 14 pairs Venkateswara with Lakshmi but he stands and she sits on a lotus, which is not this. Not any page of this section"
"22686","CO-240024-0000","TMP-1232","Vishnu Bhootapuri Art Canvas Wall Art 3x4 Fe","owner, 1 Oct: the Personal Pic folder (Final Edited Photos > Based on Excel Sheet > Personal Pic), now 25 pictures, files this picture as CO-240024-0000. Matched by picture: 190 matching points with the file, the Bhootapuri card with the temple tower. Replaces the NONE row: it is on no brochure page, it has its own code now. CO codes are outside the art-code book, like AC and CP, so every pass leaves them as written and the SKU is the code."
"18727","KR - 180015","NONE","Whimsy Friends Canvas Wall Art 3×4 Feet – Fl","found by the no-code sweep. The Lord Shiva pass cleared this off LS 05 and wrote that it 'reads as Kids Room'; that guess is now proved. KR 15 is this painting: the same two creatures, the orange one with three eyes and dandelion-tufted antennae beside the green one with the crown of pins, standing on the same grass under the same sage sky with the same tiny houses on the horizon"
"30276","NONE","LS - 030007","Red Sun Winter Tree Canvas Wall Art 3×4 Feet","LS 7 is a neon line-art Shiva face on black — that is #19883 below, which was stranded on an LS 21 code that resolves to nothing. This is a bare tree against a red sun, a landscape. Landscapes used to be LS and is now LC, which is how it got here. Clearing frees LS 7 for the picture that is actually on it"
"22625","KR - 180020","NONE","Whimsical Tower Scene Canvas Wall Art 3×4 Fe","found by the no-code sweep. Cleared off LS 08 by the Lord Shiva pass with the same note, 'reads as Kids Room', and that is right. KR 20 is this drawing: the same tower under the red mushroom roof and striped cone, the same inky black creature at the left, the same striped hot-air balloon, the same heart-shaped window, the same bunting and the same red fire engine at the foot of it"
"25474","LI - 190050","LS - 030011","Lantern Lake Starry Night Canvas Wall Art 3×","LI 50 is this exact painting — the red boat with two figures, the three glowing lanterns in the same places, the same swirling blue-green sky, the same tree silhouette on the left horizon and the same orange reflection streaks. LS 11, which it held, is two stylised faces with a white lamb — that is #21625. The Lord Shiva pass cleared this as ""a landscape, and another casualty of Landscapes having been LS""; reading Landscapes is what sent me looking, and the answer turned out to be in Living Room, on one of the pages that section gained"
"26628","NONE","LS - 030011","Floral Arch Wall Art Canvas Wall Art 3×4 Fee","a botanical pattern of leaves and blossom. No page of Lord Shiva is this"
"30154","NONE","LS - 030011","Ganesha Dawn Silhouette Canvas Wall Art 3×4 ","a Ganesha silhouette at the end of a pier at sunrise. Ganesha, not Shiva — Hindu Deities is where this belongs, and it carries no code until someone can place it there"
"7816","LS - 030001","LS 22","Divine Lord Shiva Canvas Wall Art (36×48 Inc","LS 1 is the smoky Shiva head, blue-grey with fire orange down one side and a dark painterly ground — this exact picture. It was on LS 22, which names no page: Lord Shiva has 18. Written in six digits because the old numbering cannot reach it"
"19883","LS - 030007","LS 21","Shiva Neon Line Art Canvas Wall Art 3×4 Feet","LS 7 is the neon line-art Shiva face on black with glowing orange and green filaments — this exact picture. It was on LS 21, which names no page. Must come after #30276 is cleared or LS 7 is not free"
"20770","LS - 030018","LS 17","Shiva Crescent Dream Canvas Wall Art 3×4 Fee","LS 18 is the serene Shiva head with the crescent moon in blue and purple cosmic light — this exact picture. LS 18 is one of the three pages the book gained, so it can only be named in six digits. It was on LS 17, which names no page"
"26023","CO-240008-3520","TMP-1253","Utsava Deity in Garlands Canvas Wall Art 3x4","owner, 1 Oct: the Personal Pic folder (Final Edited Photos > Based on Excel Sheet > Personal Pic), now 25 pictures, files this picture as CO-240008-3520. Matched by picture: 447 matching points with the file, the utsava deity in orange and white garlands. Replaces the NONE row: it is on no brochure page, it has its own code now. CO codes are outside the art-code book, like AC and CP, so every pass leaves them as written and the SKU is the code."
"31588","MG-060005-5030","TMP-1305","Kodanda Rama Utsavam Canvas Wall Art 3x4 Fee","owner, 1 Oct: ""i made some changes in the canva please reverify it"". Its picture is Canva page 164, MG-060005-5030: the garlanded festival idol with a tall golden crown and bow (the page text calls it Lord Murugan; the product name says Kodanda Rama). Matched by picture: 217 matching points. Replaces the NONE row: the page this picture is on was added to the brochure on 1 Oct."
"28300","LR-070011-5030","TMP-1272","Ram Lalla in Garlands Canvas Wall Art 3x4 Fe","owner, 1 Oct: ""i made some changes in the canva please reverify it"". Its picture is Canva page 175, LR-070011-5030: Ram Lalla, the black idol, in gold jewellery before a wall of flowers. Matched by picture: 108 matching points. Replaces the NONE row: the page this picture is on was added to the brochure on 1 Oct."
"7805","LI - 190014","LR 13","Stunning Butterfly Tree Canvas Wall Art 36×4","LI 14 is this exact artwork — the bare tree with gold and teal butterflies streaming off it across a cream ground. Old Living Room LR 13 lands on LI 14, the same one-page step the rest of the section already shows. The page's own caption calls it Floral Pichwai art, which it plainly is not; the picture decided this, as it has to"
"20026","IC - 130005","LR 25","Indian Classical Dancer Canvas Wall Art 3×4","IC 05 is this exact artwork — the watercolour dancer in a white and teal skirt among pale sprigs, a terracotta pot and a silver teapot at her feet. Indian Culture, not Living Room: LI 26, where old LR 25 would land, is a white horse charging through golden waves"
"25535","LI - 190051","LR 33","Jazz Man Blue Gold Canvas Wall Art 3×4 Feet","LI 51 is this exact artwork — the hatted saxophonist in silhouette between a red-and-orange swirl and a blue one. LI 51 is one of the seven pages Living Room gained this round, so no arithmetic could reach it and only the picture could find it. LI 34, where old LR 33 would land, is a bougainvillea window"
"29639","HD-080032-5030","TMP-1287","Mahavira Golden Shrine Canvas Wall Art 3x4 F","owner, 1 Oct: ""i made some changes in the canva please reverify it"". Its picture is Canva page 207, HD-080032-5030: the golden Mahavira seated under a serpent hood in a gold shrine. Matched by picture: 98 matching points. Replaces the NONE row: the page this picture is on was added to the brochure on 1 Oct."
"16191","LB-090014-3050","TMP-1222","Serene Buddha Statue Canvas Wall Art 3x4 Fee","owner, 1 Oct: ""i made some changes in the canva please reverify it"". Its picture is Canva page 222, LB-090014-3050: the Buddha seated before a waterfall in a cave. Matched by picture: 61 matching points. Replaces the NONE row: the page this picture is on was added to the brochure on 1 Oct."
"27264","NONE","LR 24","Nataraja Bronze Glory Canvas Wall Art 3×4 Fe","a gold Nataraja bronze in its ring of flames on black. Nataraja is Shiva, so Lord Shiva's eighteen pages are where this would live: LS 12 comes closest and it is a black-and-white ink dance, not a photographed bronze. Hindu Deities has no Nataraja page either"
"7803","TP-050017-3060","TMP-1205","Vaishnav Tilak Shankh Chakra Wall Art 84x24","owner, 10 Oct: ""properly update the art code by matching products from the canva to website products"". Every published product picture against all 411 pages of Canva as it stands (read view only, each page tied to its printed label), then side by side. Canva swapped TP 16 and TP 17: this picture, the Tirupati symbols panel (Garuda, chakra, namam, shankh), is now labelled TP-050017-3060 on page 159 (73 matching points; 0 on TP 16). The Kerala mural, #26084, took TP 16. Earlier: the same picture as Canva page TP-050016-3060, added 29 Sep: the Tirupati symbols panel, Garuda, chakra, namam, shankh and Hanuman (22 points; the product picture shows the panel twice). Overturns this file's earlier NONE, written before the page existed. Canva read 29 Sep (view only); product picture matched to the page by feature points and checked side by side."
"24714","CO-240023-0000","TMP-1241","Namaste Henna Hands Canvas Wall Art 3x4 Feet","owner, 1 Oct: the Personal Pic folder (Final Edited Photos > Based on Excel Sheet > Personal Pic), now 25 pictures, files this picture as CO-240023-0000. Matched by picture: 273 matching points with the file, henna hands in namaste under the word Namaste. Replaces the NONE row: it is on no brochure page, it has its own code now. CO codes are outside the art-code book, like AC and CP, so every pass leaves them as written and the SKU is the code."
"28778","CO-240006-0000","TMP-1276","Dancer on Stage Canvas Wall Art 3x4 Feet – F","owner, 30 Sep: the Personal Pic folder (Final Edited Photos > Based on Excel Sheet > Personal Pic) files this picture as CO-240006-0000. The same dancer, pose and costume (114 matching points); the file has the backdrop changed to the Nataraja with lamps, the product photo keeps the red stage. #33294, the same shot with a second dancer, shares this code from 3 Oct (owner: ""update the code and picture too"", for #33294 only), with the file as its picture; this product keeps its own red-stage photo and the code itself. Replaces the NONE row. CO codes are outside the art-code book, like AC and CP, so every pass leaves them as written and the SKU is the code."
"25840","CO-240004-5030","TMP-1251","Dancers in Duet Canvas Wall Art 3x4 Feet – F","owner, 30 Sep: the Personal Pic folder (Final Edited Photos > Based on Excel Sheet > Personal Pic) files this picture as CO-240004-5030. Matched by picture: 246 matching points with the file, the duet in blue and green on black. Replaces the NONE row: it is on no brochure page, it has its own code now. CO codes are outside the art-code book, like AC and CP, so every pass leaves them as written and the SKU is the code."
"7838","IC - 130001","LR 24","Indian Classical Dance Canvas Wall Art – 36 ","IC 01 is this exact artwork — the dancer in the rainbow pleated costume against a pale watercolour splash, arms in the same arc. #25840 held the code and its picture is not that page, so it clears and this takes it; the pass removes a leaving product from the map before placing anyone, which is what lets a chain like this land at all. Old Living Room LR 24 would land on LI 25, a black stallion on red"
"19025","SH-040004-3050","TMP-1226","Seven Horses Ocean Run Canvas Wall Art 3×4 F","owner, 1 Oct: ""check is painting with canva page no 126"", then chose to give it the code. Page 126 is SH-040004-3050: the same seven white horses in the same poses, the same dark cliff on the left and peach cloud bank, but with a sunburst at the upper right where this has darker sky and brown mountains. The sunburst version was #23191, deleted on 29 Sep with this one kept as the one listing of the pair (row above), so no product holds the page any more and this takes it alone: the SKU is the plain code. Supersedes the 14 Sep clear, which held that SH 04 belonged to #23191."
"25718","LI - 190046","KR - 180015-4040","Franklin Graffiti Pop Art Canvas Wall Art 3×4","LI 46 is this exact artwork — the Benjamin Franklin banknote portrait over a wall of spray-paint colour. KR 15, which it held, is two quirky round monsters in orange and green. LI 46 is one of the seven pages Living Room gained this round, so no arithmetic could have reached it"
"26389","LI - 190047","KR - 180013-3050","Pirate Captain Sketch Canvas Wall Art 3×4 Fe","LI 47 is this exact artwork — the pirate captain in pencil with the tankard, the blueprint annotations and the compass rose. KR 13, which it held, is a panda in a straw hat on an orange blueprint ground. Another of Living Room's new pages"
"24409","WL-170024-3060","TMP-1238","Tropical Leaves Mural Canvas Wall Art 3x4 Fe","owner, 1 Oct: ""i made some changes in the canva please reverify it"". Its picture is Canva page 297, WL-170024-3060: the wide mural of green and gold tropical leaves. Matched by picture: 49 matching points, colour layout 0.79. Replaces the NONE row: the page this picture is on was added to the brochure on 1 Oct."
"16640","TP - 050009","NONE","Vishnu Ji Statue Art Canvas Wall Art 3×4 Fee","found by the no-code sweep. Cleared off KR 04, a Kids Room page. TP 09 is this painting: the same green-skinned four-armed figure, the same gold crown, the same kirtimukha medallion low on the torso, the same pink and white flower garlands, the same gold gopuram standing at the lower left, the same soft blue-green ground. The product's own image is cropped a little tighter at the crown, which removes nothing the page has"
"17402","LI - 190022","KR - 180007-4030","Vibrant Horse Art Canvas Wall Art 3×4 Feet","found by the Living Room finish. The clear off KR 07 was right and this completes it: LI 22 is this painting. The same stylised horse standing square on long dark legs, the same pale cream-and-blue head turned to its right with the dark muzzle, the same yellow blob on the shoulder and orange patch at the flank, the same orange running down the near foreleg, the same vertical blue-grey bands and orange flecks behind. The page caption is 'where power meets artistry'"
"21771","SA-100006-3050","TMP-1228","Guru Watercolor Splash Canvas Wall Art 3x4 F","owner, 1 Oct: ""i made some changes in the canva please reverify it"". Its picture is Canva page 229, SA-100006-3050: the Sikh elder in an orange turban, white beard, in watercolour splashes. Matched by picture: checked by eye (colour layout 0.69; a soft watercolour with few sharp details). Replaces the NONE row: the page this picture is on was added to the brochure on 1 Oct."
"27388","NONE","KR - 180007-4030","Krishna Minimal Splash Canvas Wall Art 3×4 F","a cubist Krishna profile in blue, orange and purple. KR 07 is the volcano erupting flowers. The third of three products on one page, and the third that is not it"
"27633","NONE","KR - 180016-4040","Flight Path Reverie Canvas Wall Art 3×4 Feet","a murmuration of birds swirling above a lone figure on a burnt-orange ground. KR 16 is the row of abstract modernist birds, and that is #18168, which matches it exactly. KR 21, the new watercolour jungle page, is not this either"
"28225","NONE","KR - 180018-5030","Nandi and the Jyotirlingas Canvas Wall Art 3","a Nandi bull among temple bells and a wall of deity faces. KR 18 is two children under a red umbrella in the rain, paper-craft style. Nothing in Kids Room is a temple subject"
"23313","KR - 180021","WL - 170012-5030","Safari Friends Nursery Canvas Wall Art 3×4 F","KR 21 is this exact artwork — the watercolour jungle nursery set, monkey on a vine, cockatoo, two flamingos in flight, giraffe, elephant with calf, pink lotus and a bunch of bananas, every element in the same place. WL 12, which it held, is two red-crowned cranes flying on a gold ground. KR 21 is one of the three pages Kids Room gained this round"
"29159","NONE","WL - 170002-5030","Horse Studies Collage Canvas Wall Art 3×4 Fe","a sepia collage of pencil horse studies, dozens of heads and one chestnut horse painted in front. WL 02 is a black elephant silhouette against red and gold sun discs. All fifteen Seven Horses pages were looked at and every one is a painted group of running horses, not a sketchbook. Living Room's horse pages were ruled out on their captions only, which each describe ONE painted horse (LI 23-26, LI 33, LI 37) — weaker evidence, but enough not to move it onto one of them"
"26267","CO-240017-0000","TMP-1254","Balaji Garland Darshan Canvas Wall Art 3x4 F","owner, 1 Oct: the Personal Pic folder (Final Edited Photos > Based on Excel Sheet > Personal Pic), now 25 pictures, files this picture as CO-240017-0000. Matched by picture: 307 matching points with the file, the Tirupati Balaji idol in red and white garlands. Replaces the NONE row: it is on no brochure page, it has its own code now. CO codes are outside the art-code book, like AC and CP, so every pass leaves them as written and the SKU is the code."
"29690","HD-080033-6020","TMP-1288","Folk Cows Abstract Canvas Wall Art 3x4 Feet ","owner, 1 Oct: ""i made some changes in the canva please reverify it"". Its picture is Canva page 208, HD-080033-6020: three folk cows, yellow, red and grey, on a dark red and violet ground, tall and narrow. Matched by picture: checked by eye (a tall dark panel with few details to match). Replaces the NONE row: the page this picture is on was added to the brochure on 1 Oct."
"27194","NONE","WL - 170009-4030","Murmuration at Dusk Canvas Wall Art 3×4 Feet","a dense flock of birds filling the sky above a lone figure in grass, burnt orange. WL 09 is a zebra with branch-antlers on red. Not the same painting as #27633 'Flight Path Reverie', which was cleared off KR 16 for looking like this one: that flock is a single curling ribbon, this one is a scattered swarm. Abstract Art's bird pages (AA 11, AA 16) are neither"
"27695","NONE","WL - 170015-4030","Savanna Evening Dance Canvas Wall Art 3×4 Fe","an African savanna at sunset — acacias, a small white sun, mountains, and five figures with spears along the bottom. WL 15 is a cheetah on a curved ledge between red floral panels. LC 04, the nearest thing in Landscapes, is a grey and orange pine forest under a huge orange moon with no figures in it"
"31395","NONE","WL - 170016-5030","Shiva Smoke and Trident Canvas Wall Art 3×4","a Shiva head in profile, eyes closed, in grey-blue smoke, with a small dancing Nataraja painted across it. WL 16 is a peacock before a red palace doorway. All eight unclaimed Lord Shiva pages were checked: LS 01 is a smoky head but front-on and orange, LS 18 is the serene purple head, and none of them carries the dancer"
"7833","WL - 170021","SL - 150002-4030","Minimalist Blossom Vase Canvas Wall Art 36 ×","WL 21 is this exact photograph — the same blossom branches in the same pale stone vase, the same dark bowl beside it, the same ledge and the same teal weathered wall, right down to the light falling across it. SL 02, which it held, is three yellow calla lilies on a teal geometric ground. WL 21 is one of the four pages Wildlife gained this round, and it is a STILL LIFE, which is why the Wildlife pass flagged it as a page to check a Still Life product against"
"7834","SHARE: LI-190002-3050","SL - 150012-5030","Rustic Blossom Vase Canvas Wall Art 36×60 In","owner, 10 Oct: ""properly update the art code by matching products from the canva to website products"". Every published product picture against all 411 pages of Canva as it stands (read view only, each page tied to its printed label), then side by side. WL 21 and WL 22 are gone from Canva. This picture, the round speckled stone vase with the blossom branch on a stone slab, is on page 314, LI-190002-3050 (55 matching points), the same picture as #141 ""Minimalist Blossom Still Life"", which holds that code (59). It shares the code with #141, which keeps the plain SKU (tools/artcode-primary.csv); the SKU letter keeps their SKUs apart. Earlier: WL 22 is this exact picture — the same round speckled stone vase on the same rough stone slab, the same blossom branch with the same buds, the same weathered plaster wall. SL 12, which it held, is two minimalist vases in orange and black with dried botanicals on beige. The second of Wildlife's two new still-life pages, and the second Still Life product that turned out to be on one"
"22564","CO-240007-2035","TMP-1231","Decorated Lord Murugan Canvas Wall Art 3x4 F","owner, 1 Oct: the Personal Pic folder (Final Edited Photos > Based on Excel Sheet > Personal Pic), now 25 pictures, files this picture as CO-240007-2035. Matched by picture: 165 matching points with the file, the garlanded Murugan idol on a decorated stage. Replaces the NONE row: it is on no brochure page, it has its own code now. CO codes are outside the art-code book, like AC and CP, so every pass leaves them as written and the SKU is the code."
"24958","HD-080008-5030","TMP-1243","Ganesha Fire Abstract Canvas Wall Art 3x4 Fe","the same picture as Canva page HD-080008-5030, the fiery Ganesha in reds and ambers the owner put on that page on 29 Sep (69 points). Overturns this file's earlier NONE, written before the page existed. Canva read 29 Sep (view only); product picture matched to the page by feature points and checked side by side."
"28473","NONE","SL - 150016-4030","Quiet Harbor Minimal Canvas Wall Art 3×4 Fee","a flat minimalist graphic — a white house on a deep blue island with a red tree, a tiny boat and a cream sky. SL 16 is marbled blue and white ink with a lone rower; the rower is the only thing the two share. The minimalist landscape pages were checked and are neither: LC 07 is hills with a red tree and an orange sun, LC 08 watercolour pines, LC 10 circles over tree silhouettes, AA 12 Japanese layered hills"
"8494","SHARE: TA-210002-6030","TMP-1210","Sacred Kedarnath Temple with Lord Shiva Wall","the same photograph as Canva page 375, TA-210002-6030, and as #34732 which holds it: Kedarnath temple lit with lamps, the snow ridge behind, the red-lit side building at the left. This picture is a crop of that portrait with the sunset sky and crowd outside it; a crop can remove a sky. Overturns this file's earlier NONE. Found 26 Sep by matching every product picture against all 386 Canva pages (feature points, geometry-checked), then compared side by side (40 points on the page); this product held TMP-1210 until then. Shares the code with #34732; the SKU letter keeps their SKUs apart"
"7837","WL - 170023","AA - 200014-5030","Stunning Statement Geometric Floral Wall Art","WL 23 is this exact artwork — the same two stained-glass tulips, the same faceted sun disc behind them, the same leaves in the same places, the same colour bands. The product's own image is a tighter crop that stops above the blue lower half, and nothing in it is absent from the page, which is what a crop does. AA 14, which it held, is a woman's profile blended with a soaring blue bird. WL 23 is one of the four pages Wildlife gained this round, and the Wildlife pass recorded it as a FLORAL sitting in a wildlife section — this is what belongs on it"
"31273","NONE","AA - 200014-5030","Palace in the Grove Canvas Wall Art 3×4 Feet","a detailed miniature-style painting of a temple palace among dense trees with cows and figures in the foreground. AA 14 is a woman's profile blended with a soaring blue bird. It shared AA 14 with #7837 and neither was it: #7837 is WL 23 and this has no page yet. PA 01, the one Pichwai page, is a pink Shrinathji with cows and is not this"
"25779","CO-240003-3050","TMP-1250","Dancers by the Lamp Canvas Wall Art 3x4 Feet","owner, 30 Sep: the Personal Pic folder (Final Edited Photos > Based on Excel Sheet > Personal Pic) files this picture as CO-240003-3050. Matched by picture: 164 matching points with the file, two child dancers between brass lamps on black. Replaces the NONE row: it is on no brochure page, it has its own code now. CO codes are outside the art-code book, like AC and CP, so every pass leaves them as written and the SKU is the code."
"22016","NONE","AA - 200006-4030","Horses in Color Field Canvas Wall Art 3×4 Fe","a herd of seven horses in chestnut, blue-grey, tan and white on a plain cream ground with red-orange splashes. AA 06 is a red and teal abstract with a bare tree and a seated figure — that is #19575, which matches it. All fifteen Seven Horses pages were held against this one, including the three the section gained (SH 13 is red, gold and blue with dark horses; SH 14 all-white horses on teal and orange; SH 15 white horses under a golden sun) and none is it"
"21503","HD - 080021","AA - 200010-4030","Vaishnava Saints Kirtan Canvas Wall Art 3×4","found by the Hindu Deities check on the five AL/Pichwai products. The clear off AA 10 was right and this completes it: HD 21 is this painting. The same central acharya with a sunburst halo behind his head, the same tilaka and sacred thread, the same deep orange dhoti, the same tall staff and the danda with its white binding, the same bearded disciple in red at the left holding a staff, the same disciple at the right in orange with the white flag, and the same pale violet ghost figures ranked behind on both sides against a pale blue sky. The page caption calls them 'revered spiritual leaders walking forward with divine grace'"
"22138","RK - 010095","RK - 010088-5030","Gopis Garland Making Canvas Wall Art 3×4 Feet","RK 95 is this exact painting — Radha seated centre in blue and gold, the same twelve gopis in the same poses, the same parrot, the same garlands being strung, the same sunset over the river. RK 88, which it held, is Radha alone on a lotus under a starlit sky with swans and Krishna playing the flute above — that is #30470, moved onto it in the same pass. RK 95 is one of the six pages Radha Krishna gained, and had never been read before today"
"30470","RK - 010088","RK - 010090-5030","Radha Lotus Starlight Canvas Wall Art 3×4 Feet","RK 88 is this exact painting — Radha on the lotus with the gold halo, the swan, the crescent moon, Krishna playing the flute above, the doves, the pink lotuses and the waterfall. RK 90, which it held, is a golden temple idol under an arch heavy with garlands and incense. This is the second half of a swap: #22138 vacates RK 88 for RK 95 in the same pass"
"25962","RK-010098-1515","TMP-1252","Radha Krishna Grove Mural Canvas Wall Art 3x","owner, 1 Oct: ""i made some changes in the canva please reverify it"". Its picture is Canva page 101, RK-010098-1515: the Radha Krishna mural under a tree, with cows, parrots and peacocks: the NEW picture of RK 98 (the page used to show the temple-lamps Radha Krishna, now RK 99). Matched by picture: 184 matching points. Replaces the NONE row: the page this picture is on was added to the brochure on 1 Oct."
"31212","RK-010099-5040","RK-010098-5040","Radha Krishna Jeweled Duet Canvas Wall Art 3","owner, 1 Oct: ""i made some changes in the canva please reverify it"". Its picture is now Canva page 102, RK-010099-5040: Radha Krishna under temple lamps, Krishna with the flute and a peacock: the picture RK-010098 showed until 1 Oct, now on page RK 99. Moves with its picture; RK 98 is #25962's now. Matched by picture: 161 matching points. Replaces the 29 Sep row that put it on RK-010098-5040."
"17212","SHARE: LR-070004-5030","TMP-1223","Beautiful Lord Krishna Statue Canvas Wall Ar","the same picture as Canva page 160, LR-070004-5030, and as #34243 which holds it (521 matching points between the two product pictures): the black Ram Lalla idol in pink silk and garlands in the pale carved niche. The product title calls it Krishna, but the picture is this Lord Rama page. The earlier NONE compared it only with RK 78. Found 26 Sep by matching every product picture against all 386 Canva pages (feature points, geometry-checked), then compared side by side (64 points on the page); this product held TMP-1223 until then. Shares the code with #34243; the SKU letter keeps their SKUs apart"
"7824","SHARE: RK-010011-5030","TMP-1206","Bal Krishna Flute Canvas Wall Art – 60 x 36","the same painting as Canva page 15, RK-010011-5030, and as #33925 which holds it: the watercolour Krishna with the peacock-feather crown and flute, same face and curls. This listing is a closer crop. The earlier NONE compared it only with RK 79. Found 26 Sep by matching every product picture against all 386 Canva pages (feature points, geometry-checked), then compared side by side (102 points on the page); this product held TMP-1206 until then. Shares the code with #33925; the SKU letter keeps their SKUs apart"
"7703","VA - 160002","VA - 160004-5030","Divine Garuda Sacred Symbol Canvas Wall Art–","VA 02 is this exact artwork — the blue and gold Garuda with wings spread, the two white elephants flanking it, the crowned head, the gold radiance behind. VA 02 was unclaimed. VA 04, which it held, prints TWO artworks side by side and its caption describes only the left one, a phoenix against a golden sun — that is #21381, which stays. So this move also resolves VA 04's double"
"29751","NONE","VA - 160003-5030","Sacred Cow Relief Art Canvas Wall Art 3×4 Fe","a cream and gold RELIEF of Radha and Krishna — two faces, a flute, a peacock feather, lotuses and ornate jewellery. There are no cows in it. VA 03 is two stylised bulls in blue and ochre on a teal ground with glyph patterns, which is #15340 and matches it exactly. The title says cows and the picture does not: a title caught lying about its own product, not just its page"
"7815","SA - 100001","SA - 100002-3050","Sacred Golden Temple Amritsar","SA 01 is this photograph and not SA 02. All six of SA 01's frame-option renders show the same white archway at the left, the same vivid gold sanctum, the same blue-purple awning running along the causeway to its right and the same turquoise water - every one of which this picture has and the flat daylight photograph on SA 02 has not. Moving it also leaves #26936 alone on SA 02, which is its own page"
"26814","SA - 100003","SA - 100001-3050","Golden Temple at Dusk","SA 03 is this photograph. The dusk sky with orange cloud streaks over blue, the lit sanctum small in a wide panorama, the clock tower at the right and the long still reflection are all here and none of them is on SA 01, which is the gold daylight view. It was sitting on SA 01 alongside three products that are not Sikh art at all"
"8504","SA - 100005","SA - 100003-3050","Guru Nanak Dev Ji with Golden Temple","SA 05 is this picture, not SA 03. SA 03 is a dusk photograph of the temple with no figure in it at all; this is Guru Nanak seated in saffron with his hand raised in blessing, the gold halo, the brown shawl, the brass vessel at his side and the Golden Temple behind him in warm gold - which is exactly what SA 05 prints, down to the white flowers at the lower left. SA 05 had never been claimed"
"25297","CO-240020-3030","TMP-1247","Tanjore Deity with Devotees Canvas Wall Art ","owner, 1 Oct: the Personal Pic folder (Final Edited Photos > Based on Excel Sheet > Personal Pic), now 25 pictures, files this picture as CO-240020-3030. Matched by picture: 95 matching points with the file, the enthroned deity with devotees under a tree, on a green ground. Replaces the NONE row: it is on no brochure page, it has its own code now. CO codes are outside the art-code book, like AC and CP, so every pass leaves them as written and the SKU is the code."
"28717","NONE","SA - 100001-3050","Vishnu in Golden Garlands","not Sikh art. Vishnu standing with a mace and a lotus, heavy flower garlands, an oil lamp at his feet, on a gold ground. SA 01 is a photograph of the Golden Temple, and none of the five Sikh Art pages is a Vaishnava figure"
"29220","NONE","SA - 100001-3050","Vishnu Cosmic Lotus","not Sikh art. Vishnu seated on a white lotus against a starfield with galaxies behind him. SA 01 is a photograph of the Golden Temple. Cleared for the same reason as the other two that were stacked on that code"
"17856","LS-030020-5030","TMP-1225","Shiva The Destroyer Canvas Wall Art 3x4 Feet","owner, 1 Oct: ""i made some changes in the canva please reverify it"". Its picture is Canva page 126, LS-030020-5030: Shiva standing with a trident against an orange ring, flames at his feet. Matched by picture: 155 matching points. Replaces the NONE row: the page this picture is on was added to the brochure on 1 Oct."
"30338","NONE","LS 18","Shiva Parivar in Clouds","the family standing among green-blue clouds with a temple behind and Nandi at the lower right, in landscape. LS 17, the only family page, is a different composition entirely - seated, with the lion, the peacock and the bells - and is #30531's. Checked against the other five unclaimed pages too. Cleared rather than left: it holds the literal string 'LS 18', and LS 18 is #20770's page"
"29023","LS-030019-5030","TMP-1279","Shiva Parivar Blessing Canvas Wall Art 3x4 F","owner, 1 Oct: ""i made some changes in the canva please reverify it"". Its picture is Canva page 125, LS-030019-5030: the Shiva family: Shiva, Parvati, Ganesha and Kartikeya before the lingam. Matched by picture: 347 matching points. Replaces the NONE row: the page this picture is on was added to the brochure on 1 Oct."
"31150","NONE","LS 20","Shiva Family Harmony","a tight mural-style close-up of the four faces against grey-blue rock, with a peacock feather at the right. Not LS 17, which is the full seated group with the animals, the bells and the mountains, and is #30531's. 'LS 20' names no page of the book at all"
"29578","NONE","LS - 030009-3040","Twin Faces of Serenity","not Lord Shiva. Two large serene faces, the right one plainly a Buddha with the ushnisha, eyes closed, among lotuses and small white cows on a green and yellow ground. LS 09 is the pair of profile faces with the sun and the lotus, which is #16257 and has been re-confirmed twice. The one unclaimed Buddha page, LB 12, is a golden watercolour head merging with a bodhi leaf, and is not this. Clearing it also leaves #16257 alone on LS 09"
"28962","NONE","PA - 120001-4030","Savanna Golden Hour","not Pichwai and not PA 01. Tall bare trees against an orange sunset over mountains, with silhouetted figures walking between them - an African savanna scene. PA 01 is a traditional Pichwai: Shrinathji with a black face and gold halo, one arm raised, inside a crimson lotus mandorla, white cows either side at the base, pink blossom scattered on cream. All six of the page's mockup renders show the same thing. It was sharing PA 01 with #31527 and neither of them is it"
"31527","NONE","PA - 120001-4030","Krishna Cowherd Modern Art","a modern, near-cubist Krishna in blue playing the flute beside a large stylised cow's head, with cows tiled flat across an ochre and olive ground. PA 01 is a traditional Pichwai of Shrinathji in a crimson lotus with white cows below - a different painting in a different idiom. Sharing a subject is not sharing a picture. Its home may be among Hindu Deities' six unclaimed pages, which this pass did not check; it is cleared rather than left on a page that is not its own"
"29395","NONE","PA 02","Pichwai Ganesha Fountains","PA 02 names no page: Pichwai has exactly one page in the book. The picture is a Pichwai Ganesha - a multi-armed elephant-headed figure in saffron against pale teal arches with small attendant figures - and PA 01, the section's only page, is Shrinathji in a crimson lotus. Cleared rather than left, because unlike AL the PA prefix is real: if the book ever gains a second Pichwai page, PA 02 would start resolving to someone else's painting, which is the hazard that forced the Lord Shiva clears"
"26450","LI - 190049","NONE","Starry City Nights Canvas Wall Art 3x4 Feet","found by the Living Room finish, from the no-code grids. LI 49 is this painting: the same bare tree at the left edge, the same street lamp with its red-orange glow, the same bridge over water at the lower left, the same pale moon high at the right inside teal swirls, the same skyline with one tall lit tower, the same red and orange trees along the road and the same wet-road reflections. It is NOT LI 31, the other street page, which is a pastel canal under bunting in daylight. Its real product title, Starry City Nights, came back in the apply report that confirmed this placement live - the row first carried a description because no report then carried the title"
"19086","HD-080031-4040","HD-080008-4040","Surya in Chariot Canvas Wall Art 3x4 Feet –","the Surya chariot is now page HD-080031-4040 in Canva (29 Sep): the owner put a different picture, the fiery Ganesha, on HD-080008 and moved the Surya to a new last page of Hindu Deities. Same picture as this product (61 points). Canva read 29 Sep (view only); product picture matched to the page by feature points and checked side by side."
"18229","LR - 070006","NONE","Lord Krishna Statue Canvas Wall Art 3×4 Feet","found by the Lord Rama unclaimed-pages pass. LR 06 is this photograph, not merely this idol: the same black stone carved arch with the same scalloped crest, the same radiating gold halo behind the crown, the same white-and-red namam and the red dot on the chin, the same embossed gold chest-plate, the same red-and-green beaded belt with its square gold plaques, the same yellow dhoti with a red border and the same red V-shaped sash hung with green and red flower clusters, the same gold bow at the figure's left and shaft at its right, and the same garland columns either side in the same order - yellow, magenta, blue, white. The product tile is a tighter and warmer crop; the page render shows more of the pale grey wall behind. Its real product title came back in the apply report that confirmed this placement live: 'Lord Krishna Statue'. The book calls LR 06 Lord Rama and the shop calls the product Krishna, and the idol carries a BOW, which is Rama's attribute and not Krishna's. None of that changes the placement: page and product are the same photograph, detail for detail, and the picture is what decides. It is recorded because it is the sharpest title-versus-caption disagreement the audit has found - the two disagree about which deity is shown, over one identical picture"
"8144","AA - 200001","NONE","Red Floral Face Wall Art 48×36 – Minimalist","found by the Abstract Art unclaimed-pages pass. AA 01 is this painting: the same pale cream ground, the same stylised face modelled in low relief with one closed eye and its single drawn lash, the same deep crimson allium bloom on a thin bare stem covering the other eye, the same dark red lips, the same smooth unmodelled neck, and the stem running down past the chin to the lower edge. AA 01 is one of the pages printed in all six frame finishes, and the picture is identical in every one. Its real product title, Red Floral Face Wall Art, came back in the apply report that confirmed this placement live; the row first carried a description because an uncoded product appears in no report"
"7820","RK - 010093","TMP-1007","Krishna Raas Leela Moonlight Wall Art","found by the Radha Krishna unclaimed-pages pass, from fresh contact sheets of every temporary-code product. RK 93 is this painting, not merely this subject: the same full moon between the same two palace domes, the same six gopis in pink, yellow and green lehengas turning around Krishna, the same long white-and-red garland reaching his knees, the same peacock-feather crown and the same doves over the arcade. Page 97 of the book"
"11560","RK - 010024","TMP-1219","Divine Radha Krishna Canvas Wall Art 60x36 Inches","found by the Radha Krishna unclaimed-pages pass. RK 24 is this painting: the same pale green misty ground, the same pink petals falling across it, the same two grey doves, Radha at Krishna's right in lilac and pink under a gold crown, and Krishna's pink scarf lifting behind the flute. Page 28 of the book. OVERTURNS the earlier row in this file, which cleared this product's code because it read: Krishna with his flute and Radha in pastel — LR 03 is the Ram and Sita portrait, which is #21136. That row was right about the page it named and wrong only in concluding the book held nothing — the page above had not been looked at when it was written"
"17280","RK - 010026","TMP-1224","Radha Krishna Temple Scene Canvas Wall Art 3x4 Feet","found by the Radha Krishna unclaimed-pages pass. RK 26 is this photograph, not merely these idols: the same black Krishna at the flute in a jewelled multicoloured crown, the same magenta and green garlands over both figures, Radha in the same deep red lehenga, the same gold arch and chandelier behind them, the same pink lotus pedestal with its offerings and the same oil lamps at the left edge. Page 30 of the book. OVERTURNS the earlier row in this file, which cleared this product's code because it read: two dark deity idols dressed and garlanded in a shrine. RK 21 is ONE blue deity seated with a flute on a lotus inside an ornate mandala border — a painting, not a photograph of idols. That row was right about the page it named and wrong only in concluding the book held nothing — the page above had not been looked at when it was written"
"23252","RK - 010048","TMP-1234","Divine Hand with Mala Canvas Wall Art 3x4 Feet","found by the Radha Krishna unclaimed-pages pass, and confirmed at full size. RK 48 is this painting: the same dark hand with gold-lit fingers closing over another, the same jewelled ring set with a turquoise stone, the same gold bangle at the wrist, the same red and gold form at the top left, the same golden mist along the lower edge and the same single star speck in the deep teal ground. Page 52 of the book. OVERTURNS the earlier row in this file, which cleared this product's code because it read: a hand holding prayer beads — none of the fifteen Lord Shiva pages shows it, and LS 04 is the multicoloured Shiva face. That row was right about the page it named and wrong only in concluding the book held nothing — the page above had not been looked at when it was written"
"23558","RK - 010091","TMP-1235","Bal Krishna Classic Portrait Canvas Wall Art 3x4 Feet","found by the Radha Krishna unclaimed-pages pass. RK 91 is this painting: the blue child Krishna resting his cheek on his right hand, the same curls under a peacock feather and gold ornament, the same two pearl strands, the same gold armlet and bangles, the same saffron dhoti and red drape against the same dark ground. Page 95 of the book. OVERTURNS the earlier row in this file, which cleared this product's code because it read: the Lakshmi-Ganesha section is three pages and all three are matched to #8412, #29951 and #26753, so no fourth product can hold an LG code whatever its picture shows. That row was right about the page it named and wrong only in concluding the book held nothing — the page above had not been looked at when it was written"
"24653","RK - 010096","TMP-1240","Radha Krishna Painted Faces Canvas Wall Art 3x4 Feet","found by the Radha Krishna unclaimed-pages pass. RK 96 is this painting: Krishna's blue face in profile at the left and Radha's in orange and red at the right, the same gold and green field broken by leaf forms, the same drop earring below Krishna's jaw and the same block brushwork down the right-hand side. Page 100 of the book. OVERTURNS the earlier row in this file, which cleared this product's code because it read: RK 1 is a bright rainbow painting on a cream ground with paint drips and a bird. This is a muted amber and olive oil with Radha's face large and Krishna's small in profile — a different painting. Which page it IS could not be settled: RK 6 and RK 16 are both two-face paintings in warm tones and the book thumbnails will not separate them. Cleared rather than left on a painting it is not, and it frees RK 1 for #8301 below. That row was right about the page it named and wrong only in concluding the book held nothing — the page above had not been looked at when it was written"
"33440","CP-220001-3520","TMP-1183","Gold Foil Business Cards","Corporate Printing code from the owner's CP CODE FILE (26 Sep): CP-220001-3520.jpg is this product's main picture, the same image (it was 'Gold Business Cards.jpg' before the owner renamed it). Replaces the temporary code"
"33434","CP-220002-3520","TMP-1179","Membership & Loyalty Cards","Corporate Printing code from the owner's CP CODE FILE (26 Sep): CP-220002-3520.jpg is this product's main picture, the same image (it was 'download (26).jpg' before the owner renamed it). Replaces the temporary code"
"33462","CP-220003-3520","TMP-1201","Round Business Cards","Corporate Printing code from the owner's CP CODE FILE (26 Sep): CP-220003-3520.jpg is this product's main picture, the same image (it was a file named in a non-Latin script before the owner renamed it). Replaces the temporary code"
"33450","CP-220004-3520","TMP-1192","Raised Foil Loyalty Cards","Corporate Printing code from the owner's CP CODE FILE (26 Sep): CP-220004-3520.jpg is this product's main picture, the same image (it was 'Raised Foil Loyalty Cards _ BOSSYGIRLGUIDE.jpg' before the owner renamed it). Replaces the temporary code"
"33449","CP-220005-083117","TMP-1191","Foil-Stamped Training Certificates","Corporate Printing code from the owner's CP CODE FILE (26 Sep): CP-220005-083117.jpg is this product's main picture, the same image (it was 'Pin on Printed Stationary.jpg' before the owner renamed it). Replaces the temporary code"
"33436","CP-220006-083117","TMP-1180","Presentation Folders & Envelopes","Corporate Printing code from the owner's CP CODE FILE (26 Sep): CP-220006-083117.jpg is this product's main picture, the same image (it was 'download (27).jpg' before the owner renamed it). Replaces the temporary code"
"33463","CP-220007-083117","TMP-1202","Custom Certificate Printing","Corporate Printing code from the owner's CP CODE FILE (26 Sep): CP-220007-083117.jpg is this product's main picture, the same image (it was a file named in a non-Latin script before the owner renamed it). Replaces the temporary code"
"33420","CP-220008-5883","TMP-1171","A5 Flyer Printing","Corporate Printing code from the owner's CP CODE FILE (26 Sep): CP-220008-5883.jpg is this product's main picture, the same image (it was 'A5 Print Mockup for Handbag Flyer Design.jpg' before the owner renamed it). Replaces the temporary code"
"33444","CP-220009","TMP-1186","Full-Colour Commercial Printing","Corporate Printing code from the owner's CP CODE FILE (26 Sep): CP-220009.jpg is this product's main picture, the same image (it was 'Las Vegas Color Printing.jpg' before the owner renamed it). Replaces the temporary code"
"33447","CP-220010","TMP-1189","Marketing Print Pack","Corporate Printing code from the owner's CP CODE FILE (26 Sep): CP-220010.jpg is this product's main picture, the same image (it was 'Online Business for Printing materials.jpg' before the owner renamed it). Replaces the temporary code"
"33422","CP-220011-2565","TMP-1172","Birthday Banner Standee with Stand","Corporate Printing code from the owner's CP CODE FILE (26 Sep): CP-220011-2565.jpg is this product's main picture, the same image (it was 'Birthday Banner Standee (with Stand) - Design #53 _ Celebration Banner, Event Banner, Party Banner.jpg' before the owner renamed it). Replaces the temporary code"
"33423","CP-220012-2565","TMP-1173","Grand Opening Roll-Up Banner","Corporate Printing code from the owner's CP CODE FILE (26 Sep): CP-220012-2565.jpg is this product's main picture, the same image (it was 'Custom Logo Grand Opening Banner with Stand, Pre-Designed Roll Up Display Sign for Store Launches, Retractable Stand for Commercial Events.jpg' before the owner renamed it). Replaces the temporary code"
"33451","CP-220013-2565","TMP-1193","Roll-Up Banner Display Set","Corporate Printing code from the owner's CP CODE FILE (26 Sep): CP-220013-2565.jpg is this product's main picture, the same image (it was 'Signage Archives.jpg' before the owner renamed it). Replaces the temporary code"
"33459","CP-220014-2565","TMP-1199","Weatherproof Outdoor Poster Stand","Corporate Printing code from the owner's CP CODE FILE (26 Sep): CP-220014-2565.jpg is this product's main picture, the same image (it was 'Weatherproof Outdoor Poster Stands _ Outdoor LED Displays for Business Advertising.jpg' before the owner renamed it). Replaces the temporary code"
"33461","CP-220015-2565","TMP-1200","Personalised Welcome Standee","Corporate Printing code from the owner's CP CODE FILE (26 Sep): CP-220015-2565.jpeg is this product's main picture, the same image (it was 'WhatsApp Image 2026-09-11 at 02.52.52 (1).jpeg' before the owner renamed it). Replaces the temporary code"
"33454","CP-220016-6030","TMP-1195","Projecting Shop Sign","Corporate Printing code from the owner's CP CODE FILE (26 Sep): CP-220016-6030.jpg is this product's main picture, the same image (it was 'Standee  design.jpg' before the owner renamed it). Replaces the temporary code"
"33455","CP-220017-6030","TMP-1196","Custom Vinyl Store Banner","Corporate Printing code from the owner's CP CODE FILE (26 Sep): CP-220017-6030.jpg is this product's main picture, the same image (it was 'Store Banner _ Custom Vinyl Advertising Sign _ Retail, Promotion, Business.jpg' before the owner renamed it). Replaces the temporary code"
"33426","CP-220018-2060","TMP-1175","Hanging Event Banners","Corporate Printing code from the owner's CP CODE FILE (26 Sep): CP-220018-2060.jpg is this product's main picture, the same image (it was 'download (22).jpg' before the owner renamed it). Replaces the temporary code"
"33437","CP-220019-8080","TMP-1181","Bridal Shower Backdrop Tapestry","Corporate Printing code from the owner's CP CODE FILE (26 Sep): CP-220019-8080.jpg is this product's main picture, the same image (it was 'Elegant Calligraphy Dried Palm Boho Bridal Shower Tapestry.jpg' before the owner renamed it). Replaces the temporary code"
"33428","CP-220020-8080","TMP-1176","Step-and-Repeat Media Wall","Corporate Printing code from the owner's CP CODE FILE (26 Sep): CP-220020-8080.jpg is this product's main picture, the same image (it was 'download (23).jpg' before the owner renamed it). Replaces the temporary code"
"33430","CP-220021-8080","TMP-1177","Personalised Wedding Backdrop","Corporate Printing code from the owner's CP CODE FILE (26 Sep): CP-220021-8080.jpg is this product's main picture, the same image (it was 'download (24).jpg' before the owner renamed it). Replaces the temporary code"
"33442","CP-220022-3040","TMP-1184","Outdoor Pylon Business Sign","Corporate Printing code from the owner's CP CODE FILE (26 Sep): CP-220022-3040.jpg is this product's main picture, the same image (it was 'Kaleen Cubby House - Corporate Sign Industries.jpg' before the owner renamed it). Replaces the temporary code"
"33458","CP-220023-3040","TMP-1198","Wayfinding & Directional Signs","Corporate Printing code from the owner's CP CODE FILE (26 Sep): CP-220023-3040.jpg is this product's main picture, the same image (it was 'Way Finding Signs, Directional Signs, Informational Signs _ Albert Smith Signs.jpg' before the owner renamed it). Replaces the temporary code"
"33445","CP-220024-6030","TMP-1187","LED Light Box Sign","Corporate Printing code from the owner's CP CODE FILE (26 Sep): CP-220024-6030.jpg is this product's main picture, the same image (it was 'Led Light Box.jpg' before the owner renamed it). Replaces the temporary code"
"33432","CP-220025-8060","TMP-1178","Acrylic QR & Wi-Fi Display Stand","Corporate Printing code from the owner's CP CODE FILE (26 Sep): CP-220025-8060.jpg is this product's main picture, the same image (it was 'download (25).jpg' before the owner renamed it). Replaces the temporary code"
"33446","CP-220026-6025","TMP-1188","Printed Table Cloths","Corporate Printing code from the owner's CP CODE FILE (26 Sep): CP-220026-6025.jpg is this product's main picture, the same image (it was 'New set of table cloths printed for Youth Alliance - a mix of clean designs that look sharp at any event_ Always glad to support the work they do for our local youth_.jpg' before the owner renamed it). Replaces the temporary code"
"33443","CP-220027","TMP-1185","Exhibition Table Cover & Banner Set","Corporate Printing code from the owner's CP CODE FILE (26 Sep): CP-220027.jpg is this product's main picture, the same image (it was 'Keygent 2024 CASBO.jpg' before the owner renamed it). Replaces the temporary code"
"33456","CP-220028","TMP-1197","Exhibition Booth Table & Backdrop","Corporate Printing code from the owner's CP CODE FILE (26 Sep): CP-220028.jpg is this product's main picture, the same image (it was 'Table set up at Mailcon.jpg' before the owner renamed it). Replaces the temporary code"
"33424","CP-220029-3030","TMP-1174","Waterproof Vinyl Stickers & Kiss-Cut Labels","Corporate Printing code from the owner's CP CODE FILE (26 Sep): CP-220029-3030.jpg is this product's main picture, the same image (it was 'Custom Waterproof Vinyl Stickers_ Kiss Cut Labels, Brand Decals (Any Size).jpg' before the owner renamed it). Replaces the temporary code"
"33439","CP-220030-140160","TMP-1182","Ethnic Print Jute Tote Bag","Corporate Printing code from the owner's CP CODE FILE (26 Sep): CP-220030-140160.jpg is this product's main picture, the same image (it was 'Ethnic print tote bag-Jute Bag - Tote Bag- Casual canvas tote bag-Canvas Bag -women tote bag -student bag- Canvas beg _ Shopee Malaysia.jpg' before the owner renamed it). Replaces the temporary code"
"33448","CP-220031-140160","TMP-1190","Personalised Logo Jute Tote Bag","Corporate Printing code from the owner's CP CODE FILE (26 Sep): CP-220031-140160.jpg is this product's main picture, the same image (it was 'Personalised Business Logo Jute Tote Bag.jpg' before the owner renamed it). Replaces the temporary code"
"33452","CP-220032-140160","TMP-1194","Line Art Canvas Tote Bags","Corporate Printing code from the owner's CP CODE FILE (26 Sep): CP-220032-140160.jpg is this product's main picture, the same image (it was 'Simple Line Art Aesthetic Tote Bags.jpg' before the owner renamed it). Replaces the temporary code"
"33464","CP-220033-140160","TMP-1203","Heat Transfer Jute Tote Bags","Corporate Printing code from the owner's CP CODE FILE (26 Sep): CP-220033-140160.jpg is this product's main picture, the same image (it was 'Latest 2026 heat transfer on tote bags trends for Jute Tote with bamboo Handle.jpg' before the owner renamed it). Replaces the temporary code"
"11541","SHARE: RK-010002-3050","TMP-1056","Premium Radha Krishna Love Wall Art (36 x 60","the same picture as Canva page 6, RK-010002-3050, and as #11577 which holds it (741 matching points between the two product pictures): Radha and Krishna among golden autumn leaves. Two listings of one artwork, in another size. Found 26 Sep by matching every product picture against all 386 Canva pages (feature points, geometry-checked), then compared side by side (115 points on the page); this product held TMP-1056 until then. Shares the code with #11577; the SKU letter keeps their SKUs apart"
"11617","SHARE: RK-010002-3050","TMP-1058","Radha-Krishna Canvas Wall Art 24x36 Inches –","the same picture as Canva page 6, RK-010002-3050, and as #11577 which holds it (1078 matching points between the two product pictures): Radha and Krishna among golden autumn leaves. A third listing of one artwork, in another size. Found 26 Sep by matching every product picture against all 386 Canva pages (feature points, geometry-checked), then compared side by side (122 points on the page); this product held TMP-1058 until then. Shares the code with #11577; the SKU letter keeps their SKUs apart"
"24592","SHARE: RK-010063-4030","TMP-1083","Veena Under Violet Moon Canvas Wall Art 3x4","the same picture as Canva page 67, RK-010063-4030, and as #34855 which holds it (452 matching points between the two product pictures): Krishna in silhouette with the flute under a violet moon with pink blossoms. Found 26 Sep by matching every product picture against all 386 Canva pages (feature points, geometry-checked), then compared side by side (116 points on the page); this product held TMP-1083 until then. Shares the code with #34855; the SKU letter keeps their SKUs apart"
"33952","SHARE: RK-010004-4040","RK-010021-4030","Radha Krishna Lotus Embrace Canvas Wall Art","its page RK-010021-4030 was removed from Canva on 29 Sep. It is the same painting as page RK-010004-4040, the lotus Radha Krishna, which #18964 holds (167 points; #18964 scores 183), so it shares that code and the SKU letter keeps their SKUs apart. Canva read 29 Sep (view only); product picture matched to the page by feature points and checked side by side."
"8604","SHARE: AC-230001-0000","TMP-1035","Premium Quality Adjustable Metal Easel Stand","an accessory, in the website's Stands (wooden easel stand) category. Canva's Art Accessories Collection page AC-230001-0000 (added 29 Sep) is that category's page. The owner chose (29 Sep) to give each accessory its category page's code, since the page shows the category, not one product's picture. Shares the code with the other products of the category; the SKU letter keeps their SKUs apart."
"8607","SHARE: AC-230001-0000","TMP-1036","Elite Premium Wooden Artist Easel Stand – Ad","an accessory, in the website's Stands (wooden easel stand) category. Canva's Art Accessories Collection page AC-230001-0000 (added 29 Sep) is that category's page. The owner chose (29 Sep) to give each accessory its category page's code, since the page shows the category, not one product's picture. Shares the code with the other products of the category; the SKU letter keeps their SKUs apart."
"8610","SHARE: AC-230001-0000","TMP-1037","Professional Wooden Studio Easel – Adjustabl","an accessory, in the website's Stands (wooden easel stand) category. Canva's Art Accessories Collection page AC-230001-0000 (added 29 Sep) is that category's page. The owner chose (29 Sep) to give each accessory its category page's code, since the page shows the category, not one product's picture. Shares the code with the other products of the category; the SKU letter keeps their SKUs apart."
"8276","SHARE: AC-230002-0000","TMP-1009","Premium Pine Wood Canvas Stretcher Bars Kit","an accessory, in the website's Canvas Stretcher Bar category. Canva's Art Accessories Collection page AC-230002-0000 (added 29 Sep) is that category's page. The owner chose (29 Sep) to give each accessory its category page's code, since the page shows the category, not one product's picture. Shares the code with the other products of the category; the SKU letter keeps their SKUs apart."
"8337","SHARE: AC-230002-0000","TMP-1010","Premium Wooden Stretcher Bars for Canvas – D","an accessory, in the website's Canvas Stretcher Bar category. Canva's Art Accessories Collection page AC-230002-0000 (added 29 Sep) is that category's page. The owner chose (29 Sep) to give each accessory its category page's code, since the page shows the category, not one product's picture. Shares the code with the other products of the category; the SKU letter keeps their SKUs apart."
"8386","SHARE: AC-230002-0000","TMP-1011","Premium Canvas Stretcher Bars – Heavy - Duty","an accessory, in the website's Canvas Stretcher Bar category. Canva's Art Accessories Collection page AC-230002-0000 (added 29 Sep) is that category's page. The owner chose (29 Sep) to give each accessory its category page's code, since the page shows the category, not one product's picture. Shares the code with the other products of the category; the SKU letter keeps their SKUs apart."
"8444","SHARE: AC-230003-0000","TMP-1017","Large Canvas Wall Frame – Floating Frame Can","an accessory, in the website's Frame Sizes category. Canva's Art Accessories Collection page AC-230003-0000 (added 29 Sep) is that category's page. The owner chose (29 Sep) to give each accessory its category page's code, since the page shows the category, not one product's picture. Shares the code with the other products of the category; the SKU letter keeps their SKUs apart."
"8515","SHARE: AC-230003-0000","TMP-1020","Vertical Canvas Wall Art 3×4 ft – Large Port","an accessory, in the website's Frame Sizes category. Canva's Art Accessories Collection page AC-230003-0000 (added 29 Sep) is that category's page. The owner chose (29 Sep) to give each accessory its category page's code, since the page shows the category, not one product's picture. It is filed under the 4x3 ft size only, a size of Frame Sizes. Shares the code with the other products of the category; the SKU letter keeps their SKUs apart."
"8846","SHARE: AC-230004-0000","TMP-1048","Premium Canvas Floating Frame Colors – Luxur","an accessory, in the website's Frame Colour category. Canva's Art Accessories Collection page AC-230004-0000 (added 29 Sep) is that category's page. The owner chose (29 Sep) to give each accessory its category page's code, since the page shows the category, not one product's picture. Shares the code with the other products of the category; the SKU letter keeps their SKUs apart."
"8849","SHARE: AC-230004-0000","TMP-1049","Premium Floating Frame Collection – Stunning","an accessory, in the website's Frame Colour category. Canva's Art Accessories Collection page AC-230004-0000 (added 29 Sep) is that category's page. The owner chose (29 Sep) to give each accessory its category page's code, since the page shows the category, not one product's picture. Shares the code with the other products of the category; the SKU letter keeps their SKUs apart."
"8856","SHARE: AC-230004-0000","TMP-1051","Premium Gold Floating Canvas Frame | Luxury","an accessory, in the website's Frame Colour category. Canva's Art Accessories Collection page AC-230004-0000 (added 29 Sep) is that category's page. The owner chose (29 Sep) to give each accessory its category page's code, since the page shows the category, not one product's picture. Shares the code with the other products of the category; the SKU letter keeps their SKUs apart."
"8859","SHARE: AC-230004-0000","TMP-1052","Premium Rose Gold Floating Frame for Canvas","an accessory, in the website's Frame Colour category. Canva's Art Accessories Collection page AC-230004-0000 (added 29 Sep) is that category's page. The owner chose (29 Sep) to give each accessory its category page's code, since the page shows the category, not one product's picture. It has no Frame Colors category on the site, but it is the rose gold of the frame colours (black, gold, silver) that do. Shares the code with the other products of the category; the SKU letter keeps their SKUs apart."
"8862","SHARE: AC-230004-0000","TMP-1053","Premium Silver Floating Frame For Canvas | L","an accessory, in the website's Frame Colour category. Canva's Art Accessories Collection page AC-230004-0000 (added 29 Sep) is that category's page. The owner chose (29 Sep) to give each accessory its category page's code, since the page shows the category, not one product's picture. Shares the code with the other products of the category; the SKU letter keeps their SKUs apart."
"8613","SHARE: AC-230005-0000","TMP-1038","Premium Wood Canvas Frame – Stunning Gallery","an accessory, in the website's Wooden Frame category. Canva's Art Accessories Collection page AC-230005-0000 (added 29 Sep) is that category's page. The owner chose (29 Sep) to give each accessory its category page's code, since the page shows the category, not one product's picture. Shares the code with the other products of the category; the SKU letter keeps their SKUs apart."
"8616","SHARE: AC-230005-0000","TMP-1039","Premium Wooden Floating Frame for Canvas – L","an accessory, in the website's Wooden Frame category. Canva's Art Accessories Collection page AC-230005-0000 (added 29 Sep) is that category's page. The owner chose (29 Sep) to give each accessory its category page's code, since the page shows the category, not one product's picture. Shares the code with the other products of the category; the SKU letter keeps their SKUs apart."
"8619","SHARE: AC-230005-0000","TMP-1040","Premium Wooden Floating Frame for Canvas Art","an accessory, in the website's Wooden Frame category. Canva's Art Accessories Collection page AC-230005-0000 (added 29 Sep) is that category's page. The owner chose (29 Sep) to give each accessory its category page's code, since the page shows the category, not one product's picture. Shares the code with the other products of the category; the SKU letter keeps their SKUs apart."
"8571","SHARE: AC-230006-0000","TMP-1025","Premium Aluminium Floating Frame for Canvas","an accessory, in the website's Premium Aluminium Frame category. Canva's Art Accessories Collection page AC-230006-0000 (added 29 Sep) is that category's page. The owner chose (29 Sep) to give each accessory its category page's code, since the page shows the category, not one product's picture. Shares the code with the other products of the category; the SKU letter keeps their SKUs apart."
"8576","SHARE: AC-230006-0000","TMP-1026","Premium Aluminium Canvas Frame Prints – Prem","an accessory, in the website's Premium Aluminium Frame category. Canva's Art Accessories Collection page AC-230006-0000 (added 29 Sep) is that category's page. The owner chose (29 Sep) to give each accessory its category page's code, since the page shows the category, not one product's picture. Shares the code with the other products of the category; the SKU letter keeps their SKUs apart."
"8579","SHARE: AC-230006-0000","TMP-1027","Premium Canvas Floating Frame Aluminium Prof","an accessory, in the website's Premium Aluminium Frame category. Canva's Art Accessories Collection page AC-230006-0000 (added 29 Sep) is that category's page. The owner chose (29 Sep) to give each accessory its category page's code, since the page shows the category, not one product's picture. Shares the code with the other products of the category; the SKU letter keeps their SKUs apart."
"8594","SHARE: AC-230008-0000","TMP-1032","Artist Cotton Canvas Roll for Painting & Pri","an accessory, in the website's Canvas Roll category. Canva's Art Accessories Collection page AC-230008-0000 (added 29 Sep) is that category's page. The owner chose (29 Sep) to give each accessory its category page's code, since the page shows the category, not one product's picture. Shares the code with the other products of the category; the SKU letter keeps their SKUs apart."
"8601","SHARE: AC-230008-0000","TMP-1034","Artist Cotton Canvas Fabric – Premium Textur","an accessory, in the website's Canvas Roll category. Canva's Art Accessories Collection page AC-230008-0000 (added 29 Sep) is that category's page. The owner chose (29 Sep) to give each accessory its category page's code, since the page shows the category, not one product's picture. Shares the code with the other products of the category; the SKU letter keeps their SKUs apart."
"8406","SHARE: AC-230010-0000","TMP-1012","DIY Canvas Stretcher Bar Kit – Ready-to-Asse","an accessory, in the website's DIY Canvas Stretcher Bars category. Canva's Art Accessories Collection page AC-230010-0000 (added 29 Sep) is that category's page. The owner chose (29 Sep) to give each accessory its category page's code, since the page shows the category, not one product's picture. Shares the code with the other products of the category; the SKU letter keeps their SKUs apart."
"8415","SHARE: AC-230010-0000","TMP-1013","Premium Pine Wood Stretcher Bars for Canvas","an accessory, in the website's DIY Canvas Stretcher Bars category. Canva's Art Accessories Collection page AC-230010-0000 (added 29 Sep) is that category's page. The owner chose (29 Sep) to give each accessory its category page's code, since the page shows the category, not one product's picture. Shares the code with the other products of the category; the SKU letter keeps their SKUs apart."
"8427","SHARE: AC-230010-0000","TMP-1015","Professional Wooden Stretcher Bars For Canva","an accessory, in the website's DIY Canvas Stretcher Bars category. Canva's Art Accessories Collection page AC-230010-0000 (added 29 Sep) is that category's page. The owner chose (29 Sep) to give each accessory its category page's code, since the page shows the category, not one product's picture. Shares the code with the other products of the category; the SKU letter keeps their SKUs apart."
"8518","SHARE: AC-230011-0000","TMP-1021","DIY Floating Frame for Canvas Prints – Moder","an accessory, in the website's DIY Floating Frames category. Canva's Art Accessories Collection page AC-230011-0000 (added 29 Sep) is that category's page. The owner chose (29 Sep) to give each accessory its category page's code, since the page shows the category, not one product's picture. Shares the code with the other products of the category; the SKU letter keeps their SKUs apart."
"8521","SHARE: AC-230011-0000","TMP-1022","DIY Gold Floating Frame for Canvas Prints –","an accessory, in the website's DIY Floating Frames category. Canva's Art Accessories Collection page AC-230011-0000 (added 29 Sep) is that category's page. The owner chose (29 Sep) to give each accessory its category page's code, since the page shows the category, not one product's picture. Shares the code with the other products of the category; the SKU letter keeps their SKUs apart."
"8526","SHARE: AC-230011-0000","TMP-1023","Luxury Gold Floating Frame for Canvas Prints","an accessory, in the website's DIY Floating Frames category. Canva's Art Accessories Collection page AC-230011-0000 (added 29 Sep) is that category's page. The owner chose (29 Sep) to give each accessory its category page's code, since the page shows the category, not one product's picture. Shares the code with the other products of the category; the SKU letter keeps their SKUs apart."
"8529","SHARE: AC-230011-0000","TMP-1024","DIY Floating Canvas Frame Kit – Modern Shado","an accessory, in the website's DIY Floating Frames category. Canva's Art Accessories Collection page AC-230011-0000 (added 29 Sep) is that category's page. The owner chose (29 Sep) to give each accessory its category page's code, since the page shows the category, not one product's picture. Shares the code with the other products of the category; the SKU letter keeps their SKUs apart."
"7769","SHARE: PA-120001-4030","RK-010076-5030","Divine Shrinathji Canvas Wall Art – Stunning","its picture is the pink pichwai Shrinathji with lotuses on Canva page 218, PA-120001-4030, the same picture as #34305 which holds that code (64 points). Page RK-010076 shows a different Shrinathji, a dark idol in a room, and no product's picture is on it. Found by the full check of 29 Sep: every product picture against every page of Canva as it stands (read view only, 399 pages, each page tied to its label), then compared side by side."
"13355","SHARE: RK-010097-3020","RK-010080-5030","Krishna Standing Tall Canvas Wall Art 3x4 Fe","its picture is the blue Shrinathji in the peacock-feather halo on Canva page 100, RK-010097-3020, the same picture as #34164 which holds that code (44 points). Page RK-010080 shows a golden Krishna in a lit niche, and no product's picture is on it. Found by the full check of 29 Sep: every product picture against every page of Canva as it stands (read view only, 399 pages, each page tied to its label), then compared side by side."
"33945","SHARE: TP-050008-5030","RK-010017-5030","Balaji Starlit Devotee Canvas Wall Art 3x4 F","its picture is the dark starlit Balaji with the glowing namam on Canva page 145, TP-050008-5030, the same picture as #34214 which holds that code (20 points). Page RK-010017 shows the black-faced Krishna with orange flowers, and no product's picture is on it. Found by the full check of 29 Sep: every product picture against every page of Canva as it stands (read view only, 399 pages, each page tied to its label), then compared side by side."
"34003","SHARE: RK-010090-5030","RK-010051-5030","Golden Krishna Temple Shrine Canvas Wall Art","its picture is the golden Krishna idol under the arch of bells and lamps on Canva page 93, RK-010090-5030, the same picture as #34147 which holds that code (234 points). Page RK-010051 shows a different idol, and no product's picture is on it. Found by the full check of 29 Sep: every product picture against every page of Canva as it stands (read view only, 399 pages, each page tied to its label), then compared side by side."
"34601","SHARE: WL-170001-4030","LI-190036-4040","Folk Elephants Sunrise Birds Canvas Wall Art","its picture is the folk elephants under a rainbow sun with birds on Canva page 261, WL-170001-4030, the same picture as #7767 which holds that code (56 points). Page LI-190036 shows a pastel arch with palms, and no product's picture is on it. Found by the full check of 29 Sep: every product picture against every page of Canva as it stands (read view only, 399 pages, each page tied to its label), then compared side by side."
"34015","RK-010075-5030","RK-010059-5030","Shyam Krishna Floral Throne Canvas Wall Art","its picture is on Canva page 78, RK-010075-5030 (113 points), the golden Shyam Krishna with the floral throne; it held RK-010059, which is #34099's picture. The two codes were swapped. Found by the full check of 29 Sep: every product picture against every page of Canva as it stands (read view only, 399 pages, each page tied to its label), then compared side by side."
"34099","RK-010059-5030","RK-010075-5030","Krishna Shringar in Pink Canvas Wall Art 3x4","its picture is on Canva page 62, RK-010059-5030 (203 points), the pink shringar Krishna its title names; it held RK-010075, which is #34015's picture. The two codes were swapped. Found by the full check of 29 Sep: every product picture against every page of Canva as it stands (read view only, 399 pages, each page tied to its label), then compared side by side."
"27325","NONE","RK-010087-5030","Radha Krishna on the Branch Canvas Wall Art 3×4","owner, 30 Sep: page 91 (RK-010087-5030) is #24836's picture, Shiva and Parvati blessing a girl with Krishna and Radha; this one is Radha and Krishna seated on a kadamba branch with a peacock below, which is on no Canva page (full recheck of 29 Sep). The owner's workbook had this product on page 91 by mistake. Cleared so the temporary-code pass gives it one"
"8805","NONE","SL-150001-4030","Modern Cafe Decor Wall Art Set – 72×24 Inch","owner, 30 Sep: page 232 (SL-150001-4030) is #7781's picture, the poppies on maroon; this one is a cafe wall of four abstract panels, which is on no Canva page. The owner's workbook had this product on page 232 by mistake. Cleared so the temporary-code pass gives it one"
"33278","CO-240001-3825","TMP-1162","The Golden Sardar Canvas Wall Art 3x4 Feet","owner, 30 Sep: the Personal Pic folder (Final Edited Photos > Based on Excel Sheet > Personal Pic) files this picture as CO-240001-3825. Matched by picture: 346 matching points with the file, the Golden Sardar portrait in the gold hall. CO codes are outside the art-code book, like AC and CP, so every pass leaves them as written and the SKU is the code."
"33302","CO-240005-3050","TMP-1170","Sunset Shore Dance Duet Canvas Wall Art 4x3","owner, 30 Sep: the Personal Pic folder (Final Edited Photos > Based on Excel Sheet > Personal Pic) files this picture as CO-240005-3050. Its picture is this beach-sunset duet, printed and shown on a stand; the only product that shows it (#25358 shares only the two dancers, set in water). CO codes are outside the art-code book, like AC and CP, so every pass leaves them as written and the SKU is the code."
"8643","BN-250001-0000","TMP-1041","Best Premium Custom Backdrop Banner Printing","owner, 30 Sep: the banner pages the owner added to the Canva brochure. Its picture is on Canva page 391, BN-250001-0000: the Academy of Alameda step-and-repeat backdrop; the page repeats one logo, so it was confirmed side by side. BN codes are outside the art-code book, like AC, CP and CO, so every pass leaves them as written and the SKU is the code."
"8646","BN-250002-0000","TMP-1042","Custom Premium Roll-Up Banner Stand Printing","owner, 30 Sep: the banner pages the owner added to the Canva brochure. Its picture is on Canva page 392, BN-250002-0000: the Summer Special roll-up banner beside an empty stand (74 matching points). BN codes are outside the art-code book, like AC, CP and CO, so every pass leaves them as written and the SKU is the code."
"8649","BN-250003-0000","TMP-1043","Premium Custom Fabric Banner | Professional","owner, 30 Sep: the banner pages the owner added to the Canva brochure. Its picture is on Canva page 393, BN-250003-0000: the ""Your heart in our hands"" fabric banner (171 matching points). BN codes are outside the art-code book, like AC, CP and CO, so every pass leaves them as written and the SKU is the code."
"8653","BN-250004-0000","TMP-1044","Top-Rated Custom Fence Banner Printing | Ult","owner, 30 Sep: the banner pages the owner added to the Canva brochure. Its picture is on Canva page 394, BN-250004-0000: the Skyline Builders fence banner (121 matching points). BN codes are outside the art-code book, like AC, CP and CO, so every pass leaves them as written and the SKU is the code."
"8656","BN-250005-0000","TMP-1045","Premium Stunning Personalized Vinyl Banners","owner, 30 Sep: the banner pages the owner added to the Canva brochure. Its picture is on Canva page 395, BN-250005-0000: the ""See it to believe it"" vinyl banner (128 matching points). BN codes are outside the art-code book, like AC, CP and CO, so every pass leaves them as written and the SKU is the code."
"14600","SHARE:SL-150004-5030","TMP-1060","The Art Framer Gift Card","owner, 30 Sep: ""check is painting with canva page no 237"", then chose to share the code. The framed painting in the gift card's photo is Canva page 237, SL-150004-5030: the same three translucent poppies, red at the top, orange in the middle, green at the bottom, on long dark stems. #34345 ""Translucent Poppy Trio"" is that painting's own listing and keeps the plain SKU (tools/artcode-primary.csv); the gift card shares the code and its SKU carries the letter."
"22505","SHARE:RK-010008-3040","TMP-1072","Sleeping Krishna Art Canvas Wall Art 3x4 Fe","owner, 30 Sep: ""check is painting with canva page no 12"", then chose to share the code. Its picture is Canva page 12, RK-010008-3040, the sleeping Bal Krishna on a yellow cloth with peacock feathers in his turban, flipped left to right: head and feathers on the left, not the right. Flipped back it matches #7819 ""Sleeping Baby Krishna"" (102 matching points), which carries the code and keeps the plain SKU (tools/artcode-primary.csv); #22505 shares the code and its SKU carries the letter."
"25596","CO-240009-3020","TMP-1093","Tanjore Golden Deity Canvas Wall Art 3x4 Fee","owner, 1 Oct: the Personal Pic folder (Final Edited Photos > Based on Excel Sheet > Personal Pic), now 25 pictures, files this picture as CO-240009-3020. Matched by picture: 266 matching points with the file, the standing deity under a gold Tanjore arch. CO codes are outside the art-code book, like AC and CP, so every pass leaves them as written and the SKU is the code."
"28595","RK-010100-5030","TMP-1123","Krishna's Promise Canvas Wall Art 3x4 Feet –","owner, 1 Oct: ""i made some changes in the canva please reverify it"". Its picture is Canva page 103, RK-010100-5030: Krishna below a cliff catching the falling boy, four figures on the cliff edge. Matched by picture: checked by eye (the product picture carries a speech bubble over the same painting, which hides most matching points; colour layout 0.66). The page was added to the brochure on 1 Oct."
"26084","TP-050016-3050","TMP-1099","Kerala Mural Celebration Canvas Wall Art 3x4","owner, 10 Oct: ""properly update the art code by matching products from the canva to website products"". Every published product picture against all 411 pages of Canva as it stands (read view only, each page tied to its printed label), then side by side. Canva swapped TP 16 and TP 17: this picture, the wide orange Kerala mural, is now labelled TP-050016-3050 on page 158, between TP 15 and TP 17 (211 matching points; 0 on TP 17). The symbols panel, #7803, took TP 17. Earlier: owner, 1 Oct: ""i made some changes in the canva please reverify it"". Its picture is Canva page 158, TP-050017-3050: the wide orange Kerala mural of the reclining Vishnu with deities and devotees. Matched by picture: 121 matching points. The page was added to the brochure on 1 Oct."
"33292","CO-240025-0000","TMP-1165","Classical Dance Duo Portrait Canvas Wall Art","owner, 3 Oct: the Personal Pic folder (Final Edited Photos > Based on Excel Sheet > Personal Pic), now 29 pictures, files this picture as CO-240025-0000. Matched by picture: 130 matching points with the file (the artwork alone, #25840, 47), the duet print on a stand beside a brass lamp, under marigold garlands. Its picture is the event photo itself, not the artwork on the stand, so it takes this code of its own rather than sharing the artwork's. CO codes are outside the art-code book, like AC and CP, so every pass leaves them as written and the SKU is the code."
"33298","CO-240026-0000","TMP-1168","Dancer With Temple Lamp Canvas Wall Art 4x3 ","owner, 3 Oct: the Personal Pic folder (Final Edited Photos > Based on Excel Sheet > Personal Pic), now 29 pictures, files this picture as CO-240026-0000. Matched by picture: 99 matching points with the file (the artwork alone, #25779, 36), the dancers-by-the-lamp print on a stand in a hall, seen from the side. Its picture is the event photo itself, not the artwork on the stand, so it takes this code of its own rather than sharing the artwork's. CO codes are outside the art-code book, like AC and CP, so every pass leaves them as written and the SKU is the code."
"33300","CO-240027-0000","TMP-1169","Dancers With Their Portrait Canvas Wall Art ","owner, 3 Oct: the Personal Pic folder (Final Edited Photos > Based on Excel Sheet > Personal Pic), now 29 pictures, files this picture as CO-240027-0000. Matched by picture: 108 matching points with the file (the artwork alone, #25840, 64), the duet print on a stand between two dancers, before a brick wall hung with garlands. Its picture is the event photo itself, not the artwork on the stand, so it takes this code of its own rather than sharing the artwork's. CO codes are outside the art-code book, like AC and CP, so every pass leaves them as written and the SKU is the code."
"33296","CO-240028-0000","TMP-1167","Dance Portrait Showcase Canvas Wall Art 3x4 ","owner, 3 Oct: the Personal Pic folder (Final Edited Photos > Based on Excel Sheet > Personal Pic), now 29 pictures, files this picture as CO-240028-0000. Matched by picture: 105 matching points with the file (the artwork alone, #25779, 27), two prints on stands, the sunset duet above the dancers by the lamp, beside a studio light. Its picture is the event photo itself, not the artwork on the stand, so it takes this code of its own rather than sharing the artwork's. CO codes are outside the art-code book, like AC and CP, so every pass leaves them as written and the SKU is the code."
"33294","SHARE:CO-240006-0000","TMP-1166","Dance Duet On Stage Canvas Wall Art 3x4 Feet","owner, 3 Oct, with the Personal Pic file CO-240006-0000.jpg (the stage dancer in orange, before the Nataraja and two lamp towers): ""update the code and picture too"", for #33294 only. Its photo was the same stage shot with a second dancer behind her (#28778, which carries CO-240006-0000, is the same dancer, pose and costume on the plain red stage). It shares the code with #28778 and keeps a letter on its SKU; inc/product-pictures.php makes the file its main picture. CO codes are outside the art-code book, like AC and CP, so every pass leaves them as written."
"33911","RK-010022-3050","RK-010005-3050","Radha Krishna Peacock Garden Canvas Wall","owner, 10 Oct: ""properly update the art code by matching products from the canva to website products"". Every published product picture against all 411 pages of Canva as it stands (read view only, each page tied to its printed label), then side by side. Its picture is page 25, RK-010022-3050: Radha and Krishna face to face among flowers, a peacock at each side, pink lotuses below (419 matching points). Page 9, RK-010005-3050, is a recoloured version of the same painting on a plain gold ground without the flowers (91 points), not this picture. The Cloudflare master RK-010022-3050-DD.jpg is this picture (2031 points with the main picture) and was the one file in the bucket no product used, so this connects it with no rename. No product held RK-010022 (#19392, which did, was retired into this listing). The 25 Sep tie of this product to page 9 was read from the thumbnails at a size that did not separate the two versions."
